timestamp,callType,url,bytes,duration,cost,status
2025-10-18T17:05:04.491Z,photos,"https://maps.googleapis.com/maps/api/place/photo?maxwidth=1600&photoreference=AciIO2eCgVG8ZsuiyhZ1og...",353,134,0.007,302
2025-10-18T17:05:34.574Z,photos,"https://maps.googleapis.com/maps/api/place/photo?maxwidth=1600&photoreference=AciIO2fx44OdPzAHb5eeRj...",353,80,0.007,302
2025-10-18T17:06:04.699Z,photos,"https://maps.googleapis.com/maps/api/place/photo?maxwidth=1600&photoreference=AciIO2dIBNZTNim9c8t1z-...",1555,120,0.007,400
2025-10-18T17:06:34.787Z,photos,"https://maps.googleapis.com/maps/api/place/photo?maxwidth=1600&photoreference=AciIO2ejSSIdKZhnGDHG0u...",353,86,0.007,302
2025-10-18T17:07:04.890Z,photos,"https://maps.googleapis.com/maps/api/place/photo?maxwidth=1600&photoreference=AciIO2eJRLo3EdxzR1lQ7K...",1555,100,0.007,400
2025-10-18T17:07:34.965Z,photos,"https://maps.googleapis.com/maps/api/place/photo?maxwidth=1600&photoreference=AciIO2dMuWd2BVi2BUjl25...",1555,74,0.007,400
2025-10-18T17:08:05.059Z,photos,"https://maps.googleapis.com/maps/api/place/photo?maxwidth=1600&photoreference=AciIO2fc_DusZcgy5XjlQP...",353,92,0.007,302
2025-10-18T17:08:35.140Z,photos,"https://maps.googleapis.com/maps/api/place/photo?maxwidth=1600&photoreference=AciIO2cLlChtADNcuwtz8v...",353,78,0.007,302
2025-10-18T17:09:05.206Z,photos,"https://maps.googleapis.com/maps/api/place/photo?maxwidth=1600&photoreference=AciIO2eMpg0WB9q4TbLlO6...",1555,65,0.007,400
2025-10-18T17:09:35.271Z,photos,"https://maps.googleapis.com/maps/api/place/photo?maxwidth=1600&photoreference=AciIO2cocmfE0mf1lurR8W...",1555,63,0.007,400
2025-10-18T17:10:05.326Z,photos,"https://maps.googleapis.com/maps/api/place/photo?maxwidth=1600&photoreference=AciIO2dkg9vknjeLbxC5LT...",353,53,0.007,302
2025-10-18T17:10:35.413Z,photos,"https://maps.googleapis.com/maps/api/place/photo?maxwidth=1600&photoreference=AciIO2fxuNM1XcZUHXbejI...",353,86,0.007,302
2025-10-18T17:11:05.474Z,photos,"https://maps.googleapis.com/maps/api/place/photo?maxwidth=1600&photoreference=AciIO2eDP8liuPUc5i2_DV...",1555,60,0.007,400
2025-10-18T17:11:35.522Z,photos,"https://maps.googleapis.com/maps/api/place/photo?maxwidth=1600&photoreference=AciIO2d40_af7ZtJXW_cLS...",1555,46,0.007,400
2025-10-18T17:12:05.620Z,photos,"https://maps.googleapis.com/maps/api/place/photo?maxwidth=1600&photoreference=AciIO2cmdQDbk2GPXBQSvx...",353,96,0.007,302
2025-10-18T17:12:35.683Z,photos,"https://maps.googleapis.com/maps/api/place/photo?maxwidth=1600&photoreference=AciIO2fYXzSfYsyuXGFdQ8...",353,62,0.007,302
2025-10-18T17:13:05.749Z,photos,"https://maps.googleapis.com/maps/api/place/photo?maxwidth=1600&photoreference=AciIO2ekKj6Y9YLdtK5kYg...",1555,64,0.007,400
2025-10-18T17:13:35.811Z,photos,"https://maps.googleapis.com/maps/api/place/photo?maxwidth=1600&photoreference=AciIO2cE46CjXS3et1-npi...",353,60,0.007,302
2025-10-18T17:14:05.879Z,photos,"https://maps.googleapis.com/maps/api/place/photo?maxwidth=1600&photoreference=AciIO2f9bjQY2Om0EO04c6...",1555,63,0.007,400
2025-10-18T17:14:35.932Z,photos,"https://maps.googleapis.com/maps/api/place/photo?maxwidth=1600&photoreference=AciIO2ecJa-aKLkK27Pkvr...",353,51,0.007,302
2025-10-18T17:15:06.026Z,photos,"https://maps.googleapis.com/maps/api/place/photo?maxwidth=1600&photoreference=AciIO2eSfnr2qRBBjqwdkQ...",406,93,0.007,302
2025-10-18T17:15:36.103Z,photos,"https://maps.googleapis.com/maps/api/place/photo?maxwidth=1600&photoreference=AciIO2ebjYn24j5TzHUFfL...",1555,76,0.007,400
2025-10-18T17:16:06.170Z,photos,"https://maps.googleapis.com/maps/api/place/photo?maxwidth=1600&photoreference=AciIO2fCEnQIbKqmtPk-_2...",353,67,0.007,302
2025-10-18T17:16:36.225Z,photos,"https://maps.googleapis.com/maps/api/place/photo?maxwidth=1600&photoreference=AciIO2d5hhVPrF82P1_GmN...",1555,53,0.007,400
2025-10-18T17:17:06.377Z,photos,"https://maps.googleapis.com/maps/api/place/photo?maxwidth=1600&photoreference=AciIO2ep8N2olWSWWcNVJE...",353,151,0.007,302
2025-10-18T17:17:36.450Z,photos,"https://maps.googleapis.com/maps/api/place/photo?maxwidth=1600&photoreference=AciIO2cimfHA82DgXA1oug...",1555,72,0.007,400
2025-10-18T17:18:06.533Z,photos,"https://maps.googleapis.com/maps/api/place/photo?maxwidth=1600&photoreference=AciIO2cOY0KditMzaH9wxu...",407,81,0.007,302
2025-10-18T17:18:36.595Z,photos,"https://maps.googleapis.com/maps/api/place/photo?maxwidth=1600&photoreference=AciIO2cliNZ7uVStr5vzMN...",1555,58,0.007,400
2025-10-18T17:19:06.684Z,photos,"https://maps.googleapis.com/maps/api/place/photo?maxwidth=1600&photoreference=AciIO2d_-LxmERbYumRVxQ...",1555,88,0.007,400
2025-10-18T17:19:36.734Z,photos,"https://maps.googleapis.com/maps/api/place/photo?maxwidth=1600&photoreference=AciIO2d39Vs8RqL_NOP1qj...",353,48,0.007,302
2025-10-18T17:20:06.798Z,photos,"https://maps.googleapis.com/maps/api/place/photo?maxwidth=1600&photoreference=AciIO2c9Ecm_-5WC4aD-Bb...",1555,61,0.007,400
2025-10-18T17:20:36.854Z,photos,"https://maps.googleapis.com/maps/api/place/photo?maxwidth=1600&photoreference=AciIO2d-l4_QuDlsiAuEOH...",1555,53,0.007,400
2025-10-18T17:21:06.914Z,photos,"https://maps.googleapis.com/maps/api/place/photo?maxwidth=1600&photoreference=AciIO2dd7tWzZyAvsBwiIC...",352,55,0.007,302
2025-10-18T17:21:36.990Z,photos,"https://maps.googleapis.com/maps/api/place/photo?maxwidth=1600&photoreference=AciIO2e66fQRbZ_zUK-a72...",1555,74,0.007,400
2025-10-18T17:22:07.092Z,photos,"https://maps.googleapis.com/maps/api/place/photo?maxwidth=1600&photoreference=AciIO2evc-OA5dsH-NlUzt...",353,99,0.007,302
2025-10-18T17:22:37.276Z,photos,"https://maps.googleapis.com/maps/api/place/photo?maxwidth=1600&photoreference=AciIO2c52nMcqchSyBsER-...",353,179,0.007,302
2025-10-18T17:23:07.356Z,photos,"https://maps.googleapis.com/maps/api/place/photo?maxwidth=1600&photoreference=AciIO2dXDa-bEi3ur6ENEp...",1555,76,0.007,400
2025-10-18T17:23:37.421Z,photos,"https://maps.googleapis.com/maps/api/place/photo?maxwidth=1600&photoreference=AciIO2cqJqmbY4ZvoOCsTF...",406,62,0.007,302
2025-10-18T17:24:07.484Z,photos,"https://maps.googleapis.com/maps/api/place/photo?maxwidth=1600&photoreference=AciIO2cmjy0U1gf55UnCrL...",353,61,0.007,302
2025-10-18T17:24:37.543Z,photos,"https://maps.googleapis.com/maps/api/place/photo?maxwidth=1600&photoreference=AciIO2fSMe5jYl7xY3SDQC...",353,56,0.007,302
2025-10-18T17:25:07.624Z,photos,"https://maps.googleapis.com/maps/api/place/photo?maxwidth=1600&photoreference=AciIO2cWZPOqJcRpZF8Mqo...",1555,79,0.007,400
2025-10-18T17:25:37.704Z,photos,"https://maps.googleapis.com/maps/api/place/photo?maxwidth=1600&photoreference=AciIO2d-dQL-onQstWz-j0...",1555,78,0.007,400
2025-10-18T17:26:07.786Z,photos,"https://maps.googleapis.com/maps/api/place/photo?maxwidth=1600&photoreference=AciIO2dc0497v0hTCQn7yJ...",1555,78,0.007,400
2025-10-18T17:26:37.861Z,photos,"https://maps.googleapis.com/maps/api/place/photo?maxwidth=1600&photoreference=AciIO2dJuvWi13z63GF6u-...",353,70,0.007,302
2025-10-18T17:27:07.950Z,photos,"https://maps.googleapis.com/maps/api/place/photo?maxwidth=1600&photoreference=AciIO2fD8nW5sx9GEG6Vu2...",352,87,0.007,302
2025-10-18T17:27:38.018Z,photos,"https://maps.googleapis.com/maps/api/place/photo?maxwidth=1600&photoreference=AciIO2fFrp0EA5uOQLOq8o...",353,66,0.007,302
2025-10-18T17:28:08.119Z,photos,"https://maps.googleapis.com/maps/api/place/photo?maxwidth=1600&photoreference=AciIO2cxHi2mtyd6O4-qwS...",353,98,0.007,302
2025-10-18T17:28:38.187Z,photos,"https://maps.googleapis.com/maps/api/place/photo?maxwidth=1600&photoreference=AciIO2flXj89rmlPfFx3cl...",1555,67,0.007,400
2025-10-18T17:29:08.260Z,photos,"https://maps.googleapis.com/maps/api/place/photo?maxwidth=1600&photoreference=AciIO2fmOA0u9LJ9oUq5EU...",353,70,0.007,302
2025-10-18T17:29:38.319Z,photos,"https://maps.googleapis.com/maps/api/place/photo?maxwidth=1600&photoreference=AciIO2dU4Jh-FKvjCE-Bwl...",1555,56,0.007,400
2025-10-18T17:30:08.371Z,photos,"https://maps.googleapis.com/maps/api/place/photo?maxwidth=1600&photoreference=AciIO2dGy1FOQ6WDCvPyHT...",1555,48,0.007,400
2025-10-18T17:30:38.437Z,photos,"https://maps.googleapis.com/maps/api/place/photo?maxwidth=1600&photoreference=AciIO2e5eavuMBG5TOj0aY...",353,62,0.007,302
2025-10-18T17:31:08.503Z,photos,"https://maps.googleapis.com/maps/api/place/photo?maxwidth=1600&photoreference=AciIO2ccrBZqKfhFct1KZn...",353,64,0.007,302
2025-10-18T17:31:38.564Z,photos,"https://maps.googleapis.com/maps/api/place/photo?maxwidth=1600&photoreference=AciIO2ffP6lt6ie98lubGs...",353,59,0.007,302
2025-10-18T17:32:08.680Z,photos,"https://maps.googleapis.com/maps/api/place/photo?maxwidth=1600&photoreference=AciIO2d8XywIFYraFFHC-o...",353,112,0.007,302
2025-10-18T17:32:38.755Z,photos,"https://maps.googleapis.com/maps/api/place/photo?maxwidth=1600&photoreference=AciIO2dO8ZQA1I4QQEr-6u...",1555,73,0.007,400
2025-10-18T17:33:08.878Z,photos,"https://maps.googleapis.com/maps/api/place/photo?maxwidth=1600&photoreference=AciIO2fXBy6MLgbHzeMDb_...",1555,119,0.007,400
2025-10-18T17:33:38.939Z,photos,"https://maps.googleapis.com/maps/api/place/photo?maxwidth=1600&photoreference=AciIO2cje96Htf8RO2Fv20...",353,59,0.007,302
2025-10-18T17:34:09.001Z,photos,"https://maps.googleapis.com/maps/api/place/photo?maxwidth=1600&photoreference=AciIO2cCXsRAty5ycEo9uu...",353,60,0.007,302
2025-10-18T17:34:39.098Z,photos,"https://maps.googleapis.com/maps/api/place/photo?maxwidth=1600&photoreference=AciIO2dOt-ZoKP0m1wcx7F...",414,93,0.007,302
2025-10-18T17:35:09.160Z,photos,"https://maps.googleapis.com/maps/api/place/photo?maxwidth=1600&photoreference=AciIO2dGVi8FppJC6DQaBM...",1555,59,0.007,400
2025-10-18T17:35:39.224Z,photos,"https://maps.googleapis.com/maps/api/place/photo?maxwidth=1600&photoreference=AciIO2eyoMPYbVHDwPiqvK...",1555,62,0.007,400
2025-10-18T17:36:09.281Z,photos,"https://maps.googleapis.com/maps/api/place/photo?maxwidth=1600&photoreference=AciIO2daoS9t52rAqwVM_y...",1555,56,0.007,400
2025-10-18T17:36:39.381Z,photos,"https://maps.googleapis.com/maps/api/place/photo?maxwidth=1600&photoreference=AciIO2f7IILTfeNWuRQj-o...",1555,97,0.007,400
2025-10-18T17:37:09.500Z,photos,"https://maps.googleapis.com/maps/api/place/photo?maxwidth=1600&photoreference=AciIO2e3_9-pCIBKAp9_sM...",1555,113,0.007,400
2025-10-18T17:37:39.581Z,photos,"https://maps.googleapis.com/maps/api/place/photo?maxwidth=1600&photoreference=AciIO2cDkhLCVjlidLK7qy...",1555,79,0.007,400
2025-10-18T17:38:09.652Z,photos,"https://maps.googleapis.com/maps/api/place/photo?maxwidth=1600&photoreference=AciIO2ecJIAg7seP5ynI4k...",353,67,0.007,302
2025-10-18T17:38:39.742Z,photos,"https://maps.googleapis.com/maps/api/place/photo?maxwidth=1600&photoreference=AciIO2dvk4MqquGGfXwZ-e...",1555,88,0.007,400
2025-10-18T17:39:09.826Z,photos,"https://maps.googleapis.com/maps/api/place/photo?maxwidth=1600&photoreference=AciIO2fYI3BzkfoDcSsk55...",1555,81,0.007,400
2025-10-18T17:39:39.905Z,photos,"https://maps.googleapis.com/maps/api/place/photo?maxwidth=1600&photoreference=AciIO2fCxPUensW3TNd6OQ...",353,74,0.007,302
2025-10-18T17:40:09.965Z,photos,"https://maps.googleapis.com/maps/api/place/photo?maxwidth=1600&photoreference=AciIO2cYPNmPxd-nEKW00_...",1555,58,0.007,400
2025-10-18T17:40:40.027Z,photos,"https://maps.googleapis.com/maps/api/place/photo?maxwidth=1600&photoreference=AciIO2daUTVLfy69O2p-dq...",407,57,0.007,302
2025-10-18T17:41:10.096Z,photos,"https://maps.googleapis.com/maps/api/place/photo?maxwidth=1600&photoreference=AciIO2cPtvvxCkVGxzmrTe...",1555,66,0.007,400
2025-10-18T17:41:40.229Z,photos,"https://maps.googleapis.com/maps/api/place/photo?maxwidth=1600&photoreference=AciIO2d2_NQK1Gd_vc2xxy...",1555,131,0.007,400
2025-10-18T17:42:10.366Z,photos,"https://maps.googleapis.com/maps/api/place/photo?maxwidth=1600&photoreference=AciIO2fvSu2GKKBedYh800...",1555,134,0.007,400
2025-10-18T17:42:40.457Z,photos,"https://maps.googleapis.com/maps/api/place/photo?maxwidth=1600&photoreference=AciIO2fC6MbTCbIaIIr2dE...",353,86,0.007,302
2025-10-18T17:43:10.528Z,photos,"https://maps.googleapis.com/maps/api/place/photo?maxwidth=1600&photoreference=AciIO2dMO1tZIptniSGlMX...",353,70,0.007,302
2025-10-18T17:43:40.627Z,photos,"https://maps.googleapis.com/maps/api/place/photo?maxwidth=1600&photoreference=AciIO2ffo3APuAKTjrO4ms...",1555,92,0.007,400
2025-10-18T17:44:10.748Z,photos,"https://maps.googleapis.com/maps/api/place/photo?maxwidth=1600&photoreference=AciIO2c0fVWWU7DSoE59en...",1555,117,0.007,400
2025-10-18T17:44:40.853Z,photos,"https://maps.googleapis.com/maps/api/place/photo?maxwidth=1600&photoreference=AciIO2crccFAKLy1fAd4DZ...",353,103,0.007,302
2025-10-18T17:45:10.927Z,photos,"https://maps.googleapis.com/maps/api/place/photo?maxwidth=1600&photoreference=AciIO2dPF9mrPnDPQdff35...",1555,72,0.007,400
2025-10-18T17:45:40.993Z,photos,"https://maps.googleapis.com/maps/api/place/photo?maxwidth=1600&photoreference=AciIO2eeMCZJL9h-SzBS4s...",414,63,0.007,302
2025-10-18T17:46:11.082Z,photos,"https://maps.googleapis.com/maps/api/place/photo?maxwidth=1600&photoreference=AciIO2d2Es-sqhx-I0rGtT...",353,87,0.007,302
2025-10-18T17:46:41.173Z,photos,"https://maps.googleapis.com/maps/api/place/photo?maxwidth=1600&photoreference=AciIO2esa6swIMsDqdlziB...",1555,89,0.007,400
2025-10-18T17:47:11.282Z,photos,"https://maps.googleapis.com/maps/api/place/photo?maxwidth=1600&photoreference=AciIO2dqZefW6cTrM4MCHy...",1555,105,0.007,400
2025-10-18T17:47:41.330Z,photos,"https://maps.googleapis.com/maps/api/place/photo?maxwidth=1600&photoreference=AciIO2dZJppgqge7e5PGQA...",353,77,0.007,302
2025-10-18T17:48:11.402Z,photos,"https://maps.googleapis.com/maps/api/place/photo?maxwidth=1600&photoreference=AciIO2eoOWSmwxSzzTexUE...",353,76,0.007,302
2025-10-18T17:48:41.473Z,photos,"https://maps.googleapis.com/maps/api/place/photo?maxwidth=1600&photoreference=AciIO2fr9RhxicIR6AQ41Q...",1555,69,0.007,400
2025-10-18T17:49:11.575Z,photos,"https://maps.googleapis.com/maps/api/place/photo?maxwidth=1600&photoreference=AciIO2fX6IN-sHL5sStHMF...",407,98,0.007,302
2025-10-18T17:49:41.649Z,photos,"https://maps.googleapis.com/maps/api/place/photo?maxwidth=1600&photoreference=AciIO2duqA418CChiDb7lE...",353,70,0.007,302
2025-10-18T17:50:11.718Z,photos,"https://maps.googleapis.com/maps/api/place/photo?maxwidth=1600&photoreference=AciIO2dkax1csoWMJf-tsO...",1555,67,0.007,400
2025-10-18T17:50:41.832Z,photos,"https://maps.googleapis.com/maps/api/place/photo?maxwidth=1600&photoreference=AciIO2eK88rO52EGMu4SV4...",1555,111,0.007,400
2025-10-18T17:51:11.913Z,photos,"https://maps.googleapis.com/maps/api/place/photo?maxwidth=1600&photoreference=AciIO2eqUjFa8x4xis3Slh...",353,76,0.007,302
2025-10-18T17:51:41.991Z,photos,"https://maps.googleapis.com/maps/api/place/photo?maxwidth=1600&photoreference=AciIO2dBVtFyERbhKHT5ND...",353,75,0.007,302
2025-10-18T17:52:12.119Z,photos,"https://maps.googleapis.com/maps/api/place/photo?maxwidth=1600&photoreference=AciIO2d3IntGPn7Voluhqd...",1555,124,0.007,400
2025-10-18T17:52:42.188Z,photos,"https://maps.googleapis.com/maps/api/place/photo?maxwidth=1600&photoreference=AciIO2d_UTxg0U5H00FUIY...",1555,67,0.007,400
2025-10-18T17:53:12.291Z,photos,"https://maps.googleapis.com/maps/api/place/photo?maxwidth=1600&photoreference=AciIO2djx41FWo2sWjVCew...",1555,98,0.007,400
2025-10-18T17:53:42.377Z,photos,"https://maps.googleapis.com/maps/api/place/photo?maxwidth=1600&photoreference=AciIO2dNTVvAkzcoUePTd2...",353,83,0.007,302
2025-10-18T17:54:12.481Z,photos,"https://maps.googleapis.com/maps/api/place/photo?maxwidth=1600&photoreference=AciIO2daZvPxPeN5QkVscX...",1555,99,0.007,400
2025-10-18T17:54:42.560Z,photos,"https://maps.googleapis.com/maps/api/place/photo?maxwidth=1600&photoreference=AciIO2cgRNk3PIxVZsZbE5...",1555,74,0.007,400
2025-10-18T17:55:12.638Z,photos,"https://maps.googleapis.com/maps/api/place/photo?maxwidth=1600&photoreference=AciIO2dbAb5n2acvi68UxY...",1555,75,0.007,400
2025-10-18T17:55:42.715Z,photos,"https://maps.googleapis.com/maps/api/place/photo?maxwidth=1600&photoreference=AciIO2fYm2J6YNFOMisu4A...",353,71,0.007,302
2025-10-18T17:56:12.826Z,photos,"https://maps.googleapis.com/maps/api/place/photo?maxwidth=1600&photoreference=AciIO2c1FPQmerWpzHzjYf...",353,108,0.007,302
2025-10-18T17:56:42.899Z,photos,"https://maps.googleapis.com/maps/api/place/photo?maxwidth=1600&photoreference=AciIO2fE5VF1s3jy0sBO-d...",353,71,0.007,302
2025-10-18T17:57:12.999Z,photos,"https://maps.googleapis.com/maps/api/place/photo?maxwidth=1600&photoreference=AciIO2fX9YJ1B_oM80vdwQ...",353,97,0.007,302
2025-10-18T17:57:43.070Z,photos,"https://maps.googleapis.com/maps/api/place/photo?maxwidth=1600&photoreference=AciIO2d7Gqu0qKhq1R1Xmo...",353,65,0.007,302
2025-10-18T17:58:13.141Z,photos,"https://maps.googleapis.com/maps/api/place/photo?maxwidth=1600&photoreference=AciIO2e0ldrbexytegoqSr...",1555,66,0.007,400
2025-10-18T17:58:43.213Z,photos,"https://maps.googleapis.com/maps/api/place/photo?maxwidth=1600&photoreference=AciIO2cyLCMTv7Znk1sHYQ...",1555,70,0.007,400
2025-10-18T17:59:13.309Z,photos,"https://maps.googleapis.com/maps/api/place/photo?maxwidth=1600&photoreference=AciIO2dqjjaRczOxPATx-T...",353,92,0.007,302
2025-10-18T17:59:43.387Z,photos,"https://maps.googleapis.com/maps/api/place/photo?maxwidth=1600&photoreference=AciIO2e4gj-eNGjaoyu_bN...",1555,75,0.007,400
2025-10-18T18:00:13.455Z,photos,"https://maps.googleapis.com/maps/api/place/photo?maxwidth=1600&photoreference=AciIO2ehrcS6Iy9XnOfHpa...",352,65,0.007,302
2025-10-18T18:00:43.531Z,photos,"https://maps.googleapis.com/maps/api/place/photo?maxwidth=1600&photoreference=AciIO2d4ibQJNXe6OGymuk...",353,74,0.007,302
2025-10-18T18:01:13.613Z,photos,"https://maps.googleapis.com/maps/api/place/photo?maxwidth=1600&photoreference=AciIO2cJwlvG41jgMoA78x...",353,79,0.007,302
2025-10-18T18:01:43.676Z,photos,"https://maps.googleapis.com/maps/api/place/photo?maxwidth=1600&photoreference=AciIO2dWPLvfMwV_jZWnm7...",1555,61,0.007,400
2025-10-18T18:02:13.796Z,photos,"https://maps.googleapis.com/maps/api/place/photo?maxwidth=1600&photoreference=AciIO2dUdBhO39QRSSC1_N...",352,115,0.007,302
2025-10-18T18:02:43.880Z,photos,"https://maps.googleapis.com/maps/api/place/photo?maxwidth=1600&photoreference=AciIO2cMo5djT6xljhfnig...",1555,81,0.007,400
2025-10-18T18:03:13.953Z,photos,"https://maps.googleapis.com/maps/api/place/photo?maxwidth=1600&photoreference=AciIO2dKBTHZBadrZBNJVg...",353,69,0.007,302
2025-10-18T18:03:44.049Z,photos,"https://maps.googleapis.com/maps/api/place/photo?maxwidth=1600&photoreference=AciIO2cf_wAC_Oi2VOFPAr...",1555,93,0.007,400
2025-10-18T18:04:14.174Z,photos,"https://maps.googleapis.com/maps/api/place/photo?maxwidth=1600&photoreference=AciIO2cTekfr63duPOfjK2...",413,119,0.007,302
2025-10-18T18:04:44.255Z,photos,"https://maps.googleapis.com/maps/api/place/photo?maxwidth=1600&photoreference=AciIO2f9s8scpdkDQra_8W...",353,77,0.007,302
2025-10-18T18:05:14.329Z,photos,"https://maps.googleapis.com/maps/api/place/photo?maxwidth=1600&photoreference=AciIO2dmPohXxZ5spRozns...",1555,68,0.007,400
2025-10-18T18:05:44.405Z,photos,"https://maps.googleapis.com/maps/api/place/photo?maxwidth=1600&photoreference=AciIO2dTLpHrexEL6hnc4i...",353,73,0.007,302
2025-10-18T18:06:14.521Z,photos,"https://maps.googleapis.com/maps/api/place/photo?maxwidth=1600&photoreference=AciIO2dgy2txODn_0hz2Qm...",353,112,0.007,302
2025-10-18T18:06:44.607Z,photos,"https://maps.googleapis.com/maps/api/place/photo?maxwidth=1600&photoreference=AciIO2fgg5jm91SsATrxCz...",353,82,0.007,302
2025-10-18T18:07:14.724Z,photos,"https://maps.googleapis.com/maps/api/place/photo?maxwidth=1600&photoreference=AciIO2dQDhdQiTEEgus-4C...",353,113,0.007,302
2025-10-18T18:07:44.813Z,photos,"https://maps.googleapis.com/maps/api/place/photo?maxwidth=1600&photoreference=AciIO2c_GzgaDQRf5oCFJK...",1555,88,0.007,400
2025-10-18T18:08:14.884Z,photos,"https://maps.googleapis.com/maps/api/place/photo?maxwidth=1600&photoreference=AciIO2dQM0KXtmSL3b-0BG...",1555,68,0.007,400
2025-10-18T18:08:44.958Z,photos,"https://maps.googleapis.com/maps/api/place/photo?maxwidth=1600&photoreference=AciIO2cX58GBz_5JOXLMCt...",353,71,0.007,302
2025-10-18T18:09:15.032Z,photos,"https://maps.googleapis.com/maps/api/place/photo?maxwidth=1600&photoreference=AciIO2d0I8FN9OBmwif_EN...",353,72,0.007,302
2025-10-18T18:09:45.109Z,photos,"https://maps.googleapis.com/maps/api/place/photo?maxwidth=1600&photoreference=AciIO2dx6nXlNtDyHKS7FQ...",1555,73,0.007,400
2025-10-18T18:10:15.187Z,photos,"https://maps.googleapis.com/maps/api/place/photo?maxwidth=1600&photoreference=AciIO2dmWtQGm0NfI_rNDI...",353,74,0.007,302
2025-10-18T18:10:45.264Z,photos,"https://maps.googleapis.com/maps/api/place/photo?maxwidth=1600&photoreference=AciIO2fuzYhRMTFXadQkGT...",352,75,0.007,302
2025-10-18T18:11:15.361Z,photos,"https://maps.googleapis.com/maps/api/place/photo?maxwidth=1600&photoreference=AciIO2cur91HPhFoXtLJqE...",353,94,0.007,302
2025-10-18T18:11:45.426Z,photos,"https://maps.googleapis.com/maps/api/place/photo?maxwidth=1600&photoreference=AciIO2crhtq0eo38jmRDOl...",1555,63,0.007,400
2025-10-18T18:12:15.528Z,photos,"https://maps.googleapis.com/maps/api/place/photo?maxwidth=1600&photoreference=AciIO2di42cWJMCNOOU7MG...",407,96,0.007,302
2025-10-18T18:12:45.597Z,photos,"https://maps.googleapis.com/maps/api/place/photo?maxwidth=1600&photoreference=AciIO2fAfTybYXWoRU6W9Y...",406,66,0.007,302
2025-10-18T18:13:15.686Z,photos,"https://maps.googleapis.com/maps/api/place/photo?maxwidth=1600&photoreference=AciIO2e-cDA1y1Tflf-SS_...",353,85,0.007,302
2025-10-18T18:13:45.769Z,photos,"https://maps.googleapis.com/maps/api/place/photo?maxwidth=1600&photoreference=AciIO2dNNUHh_7OwtC2QaS...",352,80,0.007,302
2025-10-18T18:14:15.848Z,photos,"https://maps.googleapis.com/maps/api/place/photo?maxwidth=1600&photoreference=AciIO2ed-eUhFW65ZPA-vi...",1555,76,0.007,400
2025-10-18T18:14:45.929Z,photos,"https://maps.googleapis.com/maps/api/place/photo?maxwidth=1600&photoreference=AciIO2f3iy1JGFbdixdj2M...",407,78,0.007,302
2025-10-18T18:15:16.011Z,photos,"https://maps.googleapis.com/maps/api/place/photo?maxwidth=1600&photoreference=AciIO2eXul-a-c49vvKZUh...",1555,79,0.007,400
2025-10-18T18:15:46.091Z,photos,"https://maps.googleapis.com/maps/api/place/photo?maxwidth=1600&photoreference=AciIO2fCU4pQJeuJqwo1zd...",353,77,0.007,302
2025-10-18T18:16:16.224Z,photos,"https://maps.googleapis.com/maps/api/place/photo?maxwidth=1600&photoreference=AciIO2csApNJNqkMCkut_l...",1555,125,0.007,400
2025-10-18T18:16:46.315Z,photos,"https://maps.googleapis.com/maps/api/place/photo?maxwidth=1600&photoreference=AciIO2c2rWtWHkocTahIFJ...",404,88,0.007,302
2025-10-18T18:17:16.424Z,photos,"https://maps.googleapis.com/maps/api/place/photo?maxwidth=1600&photoreference=AciIO2fszD-U3REiC6MySg...",352,107,0.007,302
2025-10-18T18:17:46.478Z,photos,"https://maps.googleapis.com/maps/api/place/photo?maxwidth=1600&photoreference=AciIO2eQJOjbxh800nas1v...",1555,54,0.007,400
2025-10-18T18:18:16.584Z,photos,"https://maps.googleapis.com/maps/api/place/photo?maxwidth=1600&photoreference=AciIO2dc50UqO6us2VtGug...",1555,105,0.007,400
2025-10-18T18:18:46.665Z,photos,"https://maps.googleapis.com/maps/api/place/photo?maxwidth=1600&photoreference=AciIO2d8CUGrh800U8VDKR...",1555,80,0.007,400
2025-10-18T18:19:16.730Z,photos,"https://maps.googleapis.com/maps/api/place/photo?maxwidth=1600&photoreference=AciIO2foenpcst6Xfy3n8e...",353,64,0.007,302
2025-10-18T18:19:46.817Z,photos,"https://maps.googleapis.com/maps/api/place/photo?maxwidth=1600&photoreference=AciIO2ewzTO5WhmX5D6tb_...",412,86,0.007,302
2025-10-18T18:20:16.889Z,photos,"https://maps.googleapis.com/maps/api/place/photo?maxwidth=1600&photoreference=AciIO2f5G3KDA_4gMWs5xy...",1555,71,0.007,400
2025-10-18T18:20:46.943Z,photos,"https://maps.googleapis.com/maps/api/place/photo?maxwidth=1600&photoreference=AciIO2e-QXTnKzSztVsVMj...",1555,53,0.007,400
2025-10-18T18:21:17.066Z,photos,"https://maps.googleapis.com/maps/api/place/photo?maxwidth=1600&photoreference=AciIO2d3i4oCNgaskHhM8O...",406,122,0.007,302
2025-10-18T18:21:47.144Z,photos,"https://maps.googleapis.com/maps/api/place/photo?maxwidth=1600&photoreference=AciIO2cr7YQEefQdlf738G...",1555,76,0.007,400
2025-10-18T18:22:17.280Z,photos,"https://maps.googleapis.com/maps/api/place/photo?maxwidth=1600&photoreference=AciIO2dlzf3r6a2vgyacC8...",1555,133,0.007,400
2025-10-18T18:22:47.348Z,photos,"https://maps.googleapis.com/maps/api/place/photo?maxwidth=1600&photoreference=AciIO2fVNQFfT11Y6Ct6uJ...",1555,66,0.007,400
2025-10-18T18:23:17.397Z,photos,"https://maps.googleapis.com/maps/api/place/photo?maxwidth=1600&photoreference=AciIO2e9j4NGqQDHUDJJpm...",353,47,0.007,302
2025-10-18T18:23:47.460Z,photos,"https://maps.googleapis.com/maps/api/place/photo?maxwidth=1600&photoreference=AciIO2fnohwbkiJdKWK9LZ...",1555,61,0.007,400
2025-10-18T18:24:17.523Z,photos,"https://maps.googleapis.com/maps/api/place/photo?maxwidth=1600&photoreference=AciIO2fNJUQDMMjIg8uASJ...",352,60,0.007,302
2025-10-18T18:24:47.578Z,photos,"https://maps.googleapis.com/maps/api/place/photo?maxwidth=1600&photoreference=AciIO2fRtg7n_BMmb0b4Wn...",1555,53,0.007,400
2025-10-18T18:25:17.648Z,photos,"https://maps.googleapis.com/maps/api/place/photo?maxwidth=1600&photoreference=AciIO2dq1tNHS0wzGqvxmL...",353,68,0.007,302
2025-10-18T18:25:47.708Z,photos,"https://maps.googleapis.com/maps/api/place/photo?maxwidth=1600&photoreference=AciIO2f8xkWhAlCpljgxlZ...",1555,52,0.007,400
2025-10-18T18:26:17.796Z,photos,"https://maps.googleapis.com/maps/api/place/photo?maxwidth=1600&photoreference=AciIO2fKlXFfauAkYpxpzV...",353,88,0.007,302
2025-10-18T18:26:47.856Z,photos,"https://maps.googleapis.com/maps/api/place/photo?maxwidth=1600&photoreference=AciIO2cJoLU3FKsjJBxjAO...",353,56,0.007,302
2025-10-18T18:27:18.036Z,photos,"https://maps.googleapis.com/maps/api/place/photo?maxwidth=1600&photoreference=AciIO2e5JLanY_kqb1BiB1...",1555,177,0.007,400
2025-10-18T18:27:48.112Z,photos,"https://maps.googleapis.com/maps/api/place/photo?maxwidth=1600&photoreference=AciIO2eZeujoB6tKeMlAPB...",1555,73,0.007,400
2025-10-18T18:28:18.172Z,photos,"https://maps.googleapis.com/maps/api/place/photo?maxwidth=1600&photoreference=AciIO2cuF87pz2jbC4stRi...",1555,59,0.007,400
2025-10-18T18:28:48.244Z,photos,"https://maps.googleapis.com/maps/api/place/photo?maxwidth=1600&photoreference=AciIO2finyDwuoq3F9o1aa...",1555,69,0.007,400
2025-10-18T18:29:18.320Z,photos,"https://maps.googleapis.com/maps/api/place/photo?maxwidth=1600&photoreference=AciIO2dBIrWSvZJHPSTb1D...",351,59,0.007,302
2025-10-18T18:29:48.418Z,photos,"https://maps.googleapis.com/maps/api/place/photo?maxwidth=1600&photoreference=AciIO2fc_DzIM1e2iDBSq8...",1555,94,0.007,400
2025-10-18T18:30:18.481Z,photos,"https://maps.googleapis.com/maps/api/place/photo?maxwidth=1600&photoreference=AciIO2ecoFTbg_Dv9NNrSk...",407,61,0.007,302
2025-10-18T18:30:48.541Z,photos,"https://maps.googleapis.com/maps/api/place/photo?maxwidth=1600&photoreference=AciIO2cqxeAvp6N2skd6NB...",406,57,0.007,302
2025-10-18T18:31:18.607Z,photos,"https://maps.googleapis.com/maps/api/place/photo?maxwidth=1600&photoreference=AciIO2cYy3YMyu0sM_wV0H...",353,63,0.007,302
2025-10-18T18:31:48.674Z,photos,"https://maps.googleapis.com/maps/api/place/photo?maxwidth=1600&photoreference=AciIO2fjxecRCIJeg3XizX...",1555,64,0.007,400
2025-10-18T18:32:18.754Z,photos,"https://maps.googleapis.com/maps/api/place/photo?maxwidth=1600&photoreference=AciIO2fjO8f51cI2OsdrwL...",351,78,0.007,302
2025-10-18T18:32:48.852Z,photos,"https://maps.googleapis.com/maps/api/place/photo?maxwidth=1600&photoreference=AciIO2cO531xF_Kr5eO3-h...",1555,96,0.007,400
2025-10-18T18:33:18.901Z,photos,"https://maps.googleapis.com/maps/api/place/photo?maxwidth=1600&photoreference=AciIO2doR0py1nCbvr_flT...",1555,43,0.007,400
2025-10-18T18:33:48.959Z,photos,"https://maps.googleapis.com/maps/api/place/photo?maxwidth=1600&photoreference=AciIO2fCOfAz_V83smOdxe...",1555,56,0.007,400
2025-10-18T18:34:19.029Z,photos,"https://maps.googleapis.com/maps/api/place/photo?maxwidth=1600&photoreference=AciIO2dUgYY4DlmCBy6FOJ...",352,69,0.007,302
2025-10-18T18:34:49.350Z,photos,"https://maps.googleapis.com/maps/api/place/photo?maxwidth=1600&photoreference=AciIO2dxSwUXPoWCrG4D2D...",353,318,0.007,302
2025-10-18T18:35:19.421Z,photos,"https://maps.googleapis.com/maps/api/place/photo?maxwidth=1600&photoreference=AciIO2fodF7XSV8ODasgMW...",353,65,0.007,302
2025-10-18T18:35:49.488Z,photos,"https://maps.googleapis.com/maps/api/place/photo?maxwidth=1600&photoreference=AciIO2daLJLPcPEe8xkzFz...",1555,64,0.007,400
2025-10-18T18:36:19.550Z,photos,"https://maps.googleapis.com/maps/api/place/photo?maxwidth=1600&photoreference=AciIO2djFz21DJ94IBiDnp...",1555,59,0.007,400
2025-10-18T18:36:49.610Z,photos,"https://maps.googleapis.com/maps/api/place/photo?maxwidth=1600&photoreference=AciIO2fck0zZvcdHi2KYcY...",353,55,0.007,302
2025-10-18T18:37:19.687Z,photos,"https://maps.googleapis.com/maps/api/place/photo?maxwidth=1600&photoreference=AciIO2fY4D196o3Ed4qm6f...",1555,75,0.007,400
2025-10-18T18:37:49.751Z,photos,"https://maps.googleapis.com/maps/api/place/photo?maxwidth=1600&photoreference=AciIO2duQZpLBhVBZ_K864...",404,61,0.007,302
2025-10-18T18:38:19.820Z,photos,"https://maps.googleapis.com/maps/api/place/photo?maxwidth=1600&photoreference=AciIO2fqvm5ffgIdafH4sZ...",1555,64,0.007,400
2025-10-18T18:38:49.876Z,photos,"https://maps.googleapis.com/maps/api/place/photo?maxwidth=1600&photoreference=AciIO2e7k7lhAPt9_wSisB...",1555,54,0.007,400
2025-10-18T18:39:19.963Z,photos,"https://maps.googleapis.com/maps/api/place/photo?maxwidth=1600&photoreference=AciIO2fpy4PGeS5eJwt-da...",1555,85,0.007,400
2025-10-18T18:39:50.214Z,photos,"https://maps.googleapis.com/maps/api/place/photo?maxwidth=1600&photoreference=AciIO2ccBjzPVJvN5qkUBS...",353,249,0.007,302
2025-10-18T18:40:20.269Z,photos,"https://maps.googleapis.com/maps/api/place/photo?maxwidth=1600&photoreference=AciIO2foD40XxHyIRCQcGK...",353,50,0.007,302
2025-10-18T18:40:50.330Z,photos,"https://maps.googleapis.com/maps/api/place/photo?maxwidth=1600&photoreference=AciIO2dpIjToBeI45z8tFu...",353,59,0.007,302
2025-10-18T18:41:20.427Z,photos,"https://maps.googleapis.com/maps/api/place/photo?maxwidth=1600&photoreference=AciIO2fON6bpeqwj0Ja8lJ...",353,94,0.007,302
2025-10-18T18:41:50.521Z,photos,"https://maps.googleapis.com/maps/api/place/photo?maxwidth=1600&photoreference=AciIO2egE-I8Anx3EgsrND...",1555,92,0.007,400
2025-10-18T18:42:20.579Z,photos,"https://maps.googleapis.com/maps/api/place/photo?maxwidth=1600&photoreference=AciIO2dubfmivdiJd2-1wv...",1555,57,0.007,400
2025-10-18T18:42:50.630Z,photos,"https://maps.googleapis.com/maps/api/place/photo?maxwidth=1600&photoreference=AciIO2dCUP0Re1VOiWgq3m...",1555,49,0.007,400
2025-10-18T18:43:20.698Z,photos,"https://maps.googleapis.com/maps/api/place/photo?maxwidth=1600&photoreference=AciIO2eCORRWiF_SKYd0kw...",352,66,0.007,302
2025-10-18T18:43:50.764Z,photos,"https://maps.googleapis.com/maps/api/place/photo?maxwidth=1600&photoreference=AciIO2c6K85le2ltHa51jS...",352,61,0.007,302
2025-10-18T18:44:20.822Z,photos,"https://maps.googleapis.com/maps/api/place/photo?maxwidth=1600&photoreference=AciIO2fzgVk-mZYBpJ_0yi...",1555,56,0.007,400
2025-10-18T18:44:50.929Z,photos,"https://maps.googleapis.com/maps/api/place/photo?maxwidth=1600&photoreference=AciIO2eGCAeq0N3ZA0tVqZ...",1555,107,0.007,400
2025-10-18T18:45:20.989Z,photos,"https://maps.googleapis.com/maps/api/place/photo?maxwidth=1600&photoreference=AciIO2deYk7OccKBGblJer...",1555,58,0.007,400
2025-10-18T18:45:51.065Z,photos,"https://maps.googleapis.com/maps/api/place/photo?maxwidth=1600&photoreference=AciIO2eDPci_gCxA0RlgS4...",353,75,0.007,302
2025-10-18T18:46:21.136Z,photos,"https://maps.googleapis.com/maps/api/place/photo?maxwidth=1600&photoreference=AciIO2eAQIq6c_D_sv4MNX...",1555,67,0.007,400
2025-10-18T18:46:51.242Z,photos,"https://maps.googleapis.com/maps/api/place/photo?maxwidth=1600&photoreference=AciIO2cDcuGgCGIbUaQ64H...",1555,102,0.007,400
2025-10-18T18:47:21.319Z,photos,"https://maps.googleapis.com/maps/api/place/photo?maxwidth=1600&photoreference=AciIO2coAipSQosp6SspRP...",1555,73,0.007,400
2025-10-18T18:47:51.371Z,photos,"https://maps.googleapis.com/maps/api/place/photo?maxwidth=1600&photoreference=AciIO2dBGiDOm9M9-jbDKE...",1555,49,0.007,400
2025-10-18T18:48:21.452Z,photos,"https://maps.googleapis.com/maps/api/place/photo?maxwidth=1600&photoreference=AciIO2cReJHf2C6L2aparJ...",353,79,0.007,302
2025-10-18T18:48:51.507Z,photos,"https://maps.googleapis.com/maps/api/place/photo?maxwidth=1600&photoreference=AciIO2eH8mtvNMb11e_oZT...",353,52,0.007,302
2025-10-18T18:49:21.561Z,photos,"https://maps.googleapis.com/maps/api/place/photo?maxwidth=1600&photoreference=AciIO2dxIKa0ngSPXNr8al...",1555,50,0.007,400
2025-10-18T18:49:51.651Z,photos,"https://maps.googleapis.com/maps/api/place/photo?maxwidth=1600&photoreference=AciIO2fWsg4XF5KzGTyymn...",407,88,0.007,302
2025-10-18T18:50:21.758Z,details,"https://maps.googleapis.com/maps/api/place/details/json?place_id=ChIJs0XN3MwcdkgRJDI5W_MyEe4&fields=...",7556,105,0.017,200
2025-10-18T18:50:51.824Z,photos,"https://maps.googleapis.com/maps/api/place/photo?maxwidth=1600&photoreference=AciIO2dZYD5E1C7GU242TI...",407,56,0.007,302
2025-10-18T18:51:21.930Z,details,"https://maps.googleapis.com/maps/api/place/details/json?place_id=ChIJxVg09swcdkgRIw4UTcYuWmE&fields=...",7320,101,0.017,200
2025-10-18T18:51:52.048Z,photos,"https://maps.googleapis.com/maps/api/place/photo?maxwidth=1600&photoreference=AciIO2fU0WwWpMJFvTHnrp...",353,115,0.007,302
2025-10-18T18:52:22.153Z,details,"https://maps.googleapis.com/maps/api/place/details/json?place_id=ChIJv4I_NVcDdkgRKwV5DeFa9E8&fields=...",7285,100,0.017,200
2025-10-18T18:52:52.224Z,photos,"https://maps.googleapis.com/maps/api/place/photo?maxwidth=1600&photoreference=AciIO2e4UXYHu8yjOXSobf...",353,69,0.007,302
2025-10-18T18:53:22.335Z,details,"https://maps.googleapis.com/maps/api/place/details/json?place_id=ChIJuwRYpusddkgRzs3UoEI-7ps&fields=...",6414,107,0.017,200
2025-10-18T18:53:52.400Z,photos,"https://maps.googleapis.com/maps/api/place/photo?maxwidth=1600&photoreference=AciIO2d3LBj-XN0O2bgZvH...",353,64,0.007,302
2025-10-18T18:54:22.487Z,details,"https://maps.googleapis.com/maps/api/place/details/json?place_id=ChIJjSVqvDUDdkgRD0mPUD8uhPI&fields=...",6620,84,0.017,200
2025-10-18T18:54:52.560Z,photos,"https://maps.googleapis.com/maps/api/place/photo?maxwidth=1600&photoreference=AciIO2cQ6NFfL8JU4NK00I...",353,71,0.007,302
2025-10-18T18:55:22.665Z,details,"https://maps.googleapis.com/maps/api/place/details/json?place_id=ChIJQz3wNTMDdkgRYiTWfQvnb3M&fields=...",7488,103,0.017,200
2025-10-18T18:55:52.718Z,photos,"https://maps.googleapis.com/maps/api/place/photo?maxwidth=1600&photoreference=AciIO2c_350zkkVqShz28U...",404,51,0.007,302
2025-10-18T18:56:22.810Z,details,"https://maps.googleapis.com/maps/api/place/details/json?place_id=ChIJH3OGj9cddkgRWPZXUMwX5QY&fields=...",7420,90,0.017,200
2025-10-18T18:56:52.901Z,photos,"https://maps.googleapis.com/maps/api/place/photo?maxwidth=1600&photoreference=AciIO2eH-5ftWEdgvJEbMh...",406,89,0.007,302
2025-10-18T18:57:23.000Z,details,"https://maps.googleapis.com/maps/api/place/details/json?place_id=ChIJsXHacsscdkgRUnql8CSRexg&fields=...",7533,97,0.017,200
2025-10-18T18:57:53.062Z,photos,"https://maps.googleapis.com/maps/api/place/photo?maxwidth=1600&photoreference=AciIO2cA4Z-MbR1gL8kyaK...",414,60,0.007,302
2025-10-18T18:58:23.154Z,details,"https://maps.googleapis.com/maps/api/place/details/json?place_id=ChIJVyDkgCQDdkgRFhj8Id1ryLc&fields=...",7142,89,0.017,200
2025-10-18T18:58:53.209Z,photos,"https://maps.googleapis.com/maps/api/place/photo?maxwidth=1600&photoreference=AciIO2fCgKdgPd5zKJ3Kkk...",353,50,0.007,302
2025-10-18T18:59:23.299Z,details,"https://maps.googleapis.com/maps/api/place/details/json?place_id=ChIJ2wsNyakddkgRnCzgzgPUtqI&fields=...",7177,87,0.017,200
2025-10-18T18:59:53.399Z,photos,"https://maps.googleapis.com/maps/api/place/photo?maxwidth=1600&photoreference=AciIO2e8d-qgTtP-nN-oBE...",353,98,0.007,302
2025-10-18T19:00:23.501Z,details,"https://maps.googleapis.com/maps/api/place/details/json?place_id=ChIJj0HQ-ZwDdkgR5NAvvkJd6oQ&fields=...",7323,99,0.017,200
2025-10-18T19:00:53.553Z,photos,"https://maps.googleapis.com/maps/api/place/photo?maxwidth=1600&photoreference=AciIO2fpodlYeuHdEuqDBl...",353,50,0.007,302
2025-10-18T19:01:23.653Z,details,"https://maps.googleapis.com/maps/api/place/details/json?place_id=ChIJ4QKatxsddkgRrOrnMggj_hY&fields=...",7264,97,0.017,200
2025-10-18T19:01:53.758Z,photos,"https://maps.googleapis.com/maps/api/place/photo?maxwidth=1600&photoreference=AciIO2cwFLSNtFOtnEIQAV...",353,104,0.007,302
2025-10-18T19:02:23.894Z,details,"https://maps.googleapis.com/maps/api/place/details/json?place_id=ChIJAcs4hEoDdkgRaVt518Nf8fE&fields=...",7457,134,0.017,200
2025-10-18T19:02:53.953Z,photos,"https://maps.googleapis.com/maps/api/place/photo?maxwidth=1600&photoreference=AciIO2fCZO7hMFUTAfrbW2...",406,55,0.007,302
2025-10-18T19:03:24.052Z,details,"https://maps.googleapis.com/maps/api/place/details/json?place_id=ChIJzcgxvsocdkgRQcs3eKI7-vM&fields=...",7565,97,0.017,200
2025-10-18T19:03:54.104Z,photos,"https://maps.googleapis.com/maps/api/place/photo?maxwidth=1600&photoreference=AciIO2d1P3NFWiaTJpVp0Y...",407,50,0.007,302
2025-10-18T19:04:24.220Z,details,"https://maps.googleapis.com/maps/api/place/details/json?place_id=ChIJsxaTbWAddkgR-b_-qOdDlq0&fields=...",6792,115,0.017,200
2025-10-18T19:04:54.313Z,photos,"https://maps.googleapis.com/maps/api/place/photo?maxwidth=1600&photoreference=AciIO2crSOUgbxI7MJofOR...",407,87,0.007,302
2025-10-18T19:05:24.400Z,details,"https://maps.googleapis.com/maps/api/place/details/json?place_id=ChIJdwE8ffgddkgRxM1V44T35iM&fields=...",6644,84,0.017,200
2025-10-18T19:05:54.459Z,photos,"https://maps.googleapis.com/maps/api/place/photo?maxwidth=1600&photoreference=AciIO2e505UbYLPDSo_1rv...",353,56,0.007,302
2025-10-18T19:06:24.559Z,details,"https://maps.googleapis.com/maps/api/place/details/json?place_id=ChIJY6dB15sddkgRlvXsjUpIGyA&fields=...",7218,98,0.017,200
2025-10-18T19:06:54.663Z,photos,"https://maps.googleapis.com/maps/api/place/photo?maxwidth=1600&photoreference=AciIO2fyKzglsA7i73EW6S...",353,101,0.007,302
2025-10-18T19:07:24.773Z,details,"https://maps.googleapis.com/maps/api/place/details/json?place_id=ChIJGcR2aQAddkgR7knRhuQi_HE&fields=...",7142,108,0.017,200
2025-10-18T19:07:54.842Z,photos,"https://maps.googleapis.com/maps/api/place/photo?maxwidth=1600&photoreference=AciIO2eTXSgNm-_5buDvMd...",353,67,0.007,302
2025-10-18T19:08:24.946Z,details,"https://maps.googleapis.com/maps/api/place/details/json?place_id=ChIJK61-YXMddkgR345MenAVNxk&fields=...",6918,101,0.017,200
2025-10-18T19:08:55.020Z,photos,"https://maps.googleapis.com/maps/api/place/photo?maxwidth=1600&photoreference=AciIO2evNjUBxsoaWnq4vN...",352,73,0.007,302
2025-10-18T19:09:25.116Z,details,"https://maps.googleapis.com/maps/api/place/details/json?place_id=ChIJocb04jIDdkgR8x7QHpwcjyU&fields=...",7365,94,0.017,200
2025-10-18T19:09:55.205Z,photos,"https://maps.googleapis.com/maps/api/place/photo?maxwidth=1600&photoreference=AciIO2ctBNS2EQj2_CLBnE...",406,86,0.007,302
2025-10-18T19:10:25.297Z,details,"https://maps.googleapis.com/maps/api/place/details/json?place_id=ChIJcw8wIt0DdkgRelvZkjggI9Y&fields=...",7193,91,0.017,200
2025-10-18T19:10:55.370Z,photos,"https://maps.googleapis.com/maps/api/place/photo?maxwidth=1600&photoreference=AciIO2dEVkSTgd6yokaDaP...",352,71,0.007,302
2025-10-18T19:11:25.478Z,details,"https://maps.googleapis.com/maps/api/place/details/json?place_id=ChIJ9ckFZC4ddkgRHwCtWxWQYfA&fields=...",7009,105,0.017,200
2025-10-18T19:11:55.582Z,photos,"https://maps.googleapis.com/maps/api/place/photo?maxwidth=1600&photoreference=AciIO2cK554PHdW8axzTfX...",353,103,0.007,302
2025-10-18T19:12:25.691Z,details,"https://maps.googleapis.com/maps/api/place/details/json?place_id=ChIJwWDAX-MddkgRMaABgYXLick&fields=...",6957,107,0.017,200
2025-10-18T19:12:55.775Z,photos,"https://maps.googleapis.com/maps/api/place/photo?maxwidth=1600&photoreference=AciIO2cZIipJ-Ywpa8E9KA...",352,81,0.007,302
2025-10-18T19:13:25.885Z,details,"https://maps.googleapis.com/maps/api/place/details/json?place_id=ChIJvUc8HNIcdkgRsxt1mBEkyTU&fields=...",7402,108,0.017,200
2025-10-18T19:13:56.012Z,photos,"https://maps.googleapis.com/maps/api/place/photo?maxwidth=1600&photoreference=AciIO2cJGZwPcq05fflP0p...",352,125,0.007,302
2025-10-18T19:14:26.173Z,details,"https://maps.googleapis.com/maps/api/place/details/json?place_id=ChIJQc4hncwcdkgRGjwsjGwSDMo&fields=...",7470,157,0.017,200
2025-10-18T19:14:56.259Z,photos,"https://maps.googleapis.com/maps/api/place/photo?maxwidth=1600&photoreference=AciIO2dlsklQo63pgMAsB9...",404,83,0.007,302
2025-10-18T19:15:26.466Z,details,"https://maps.googleapis.com/maps/api/place/details/json?place_id=ChIJmRdkI1EddkgRsd2Rl-Vl4Jg&fields=...",1583,206,0.017,200
2025-10-18T19:15:56.532Z,photos,"https://maps.googleapis.com/maps/api/place/photo?maxwidth=1600&photoreference=AciIO2dpiRLwzPlUocL4jQ...",407,63,0.007,302
2025-10-18T19:16:26.660Z,details,"https://maps.googleapis.com/maps/api/place/details/json?place_id=ChIJmVodOtIcdkgREDeYgkz0qFk&fields=...",7533,127,0.017,200
2025-10-18T19:16:56.744Z,photos,"https://maps.googleapis.com/maps/api/place/photo?maxwidth=1600&photoreference=AciIO2fo2YnLO6e7e2QhPA...",406,83,0.007,302
2025-10-18T19:17:26.842Z,details,"https://maps.googleapis.com/maps/api/place/details/json?place_id=ChIJsTQT7Wam2EcRuWnri6bPzDE&fields=...",7003,96,0.017,200
2025-10-18T19:17:56.905Z,photos,"https://maps.googleapis.com/maps/api/place/photo?maxwidth=1600&photoreference=AciIO2ci1_o_0ZK6Msj7QK...",353,61,0.007,302
2025-10-18T19:18:27.006Z,details,"https://maps.googleapis.com/maps/api/place/details/json?place_id=ChIJYXTyD_en2EcRax1KJ5nzgXM&fields=...",7238,99,0.017,200
2025-10-18T19:18:57.054Z,photos,"https://maps.googleapis.com/maps/api/place/photo?maxwidth=1600&photoreference=AciIO2ceesSkn1lyzm3z7Z...",353,48,0.007,302
2025-10-18T19:19:27.153Z,details,"https://maps.googleapis.com/maps/api/place/details/json?place_id=ChIJYY21W66n2EcRcGZNPoY41cY&fields=...",7196,99,0.017,200
2025-10-18T19:19:57.258Z,photos,"https://maps.googleapis.com/maps/api/place/photo?maxwidth=1600&photoreference=AciIO2crdyXcjNdaSmxMXm...",353,103,0.007,302
2025-10-18T19:20:27.363Z,details,"https://maps.googleapis.com/maps/api/place/details/json?place_id=ChIJJfMX6uqn2EcRuakJEwiueAM&fields=...",7234,104,0.017,200
2025-10-18T19:20:57.423Z,photos,"https://maps.googleapis.com/maps/api/place/photo?maxwidth=1600&photoreference=AciIO2etSidG70ddO2Aje1...",353,59,0.007,302
2025-10-18T19:21:27.504Z,details,"https://maps.googleapis.com/maps/api/place/details/json?place_id=ChIJn-_0btWn2EcRloN0mW3asiA&fields=...",6273,80,0.017,200
2025-10-18T19:21:57.602Z,photos,"https://maps.googleapis.com/maps/api/place/photo?maxwidth=1600&photoreference=AciIO2dxcv7VXwjd93n9ZQ...",353,96,0.007,302
2025-10-18T19:22:27.689Z,details,"https://maps.googleapis.com/maps/api/place/details/json?place_id=ChIJF4dsY5un2EcR2ghhkLBpEYY&fields=...",7447,86,0.017,200
2025-10-18T19:22:57.745Z,photos,"https://maps.googleapis.com/maps/api/place/photo?maxwidth=1600&photoreference=AciIO2c0DN1oN66ISo6gCQ...",407,56,0.007,302
2025-10-18T19:23:27.831Z,details,"https://maps.googleapis.com/maps/api/place/details/json?place_id=ChIJG53xBFqn2EcRn85PQ9x2fZo&fields=...",7035,85,0.017,200
2025-10-18T19:23:57.920Z,photos,"https://maps.googleapis.com/maps/api/place/photo?maxwidth=1600&photoreference=AciIO2c2NFre_XOXQwwsHv...",353,87,0.007,302
2025-10-18T19:24:28.014Z,details,"https://maps.googleapis.com/maps/api/place/details/json?place_id=ChIJGee9OIqn2EcRDhXZWYbW3Qg&fields=...",7234,92,0.017,200
2025-10-18T19:24:58.075Z,photos,"https://maps.googleapis.com/maps/api/place/photo?maxwidth=1600&photoreference=AciIO2ckVXZKBIDwNph781...",407,59,0.007,302
2025-10-18T19:25:28.169Z,details,"https://maps.googleapis.com/maps/api/place/details/json?place_id=ChIJ45DPCQCn2EcRAe9q-m6QK-M&fields=...",7234,91,0.017,200
2025-10-18T19:25:58.234Z,photos,"https://maps.googleapis.com/maps/api/place/photo?maxwidth=1600&photoreference=AciIO2f5FjMd8Ig8ULRceH...",353,64,0.007,302
2025-10-18T19:26:28.313Z,details,"https://maps.googleapis.com/maps/api/place/details/json?place_id=ChIJtR-YdiKn2EcRlNDQhO1f3cs&fields=...",6532,78,0.017,200
2025-10-18T19:26:58.408Z,photos,"https://maps.googleapis.com/maps/api/place/photo?maxwidth=1600&photoreference=AciIO2dlC0RIo-VxdrHceP...",353,95,0.007,302
2025-10-18T19:27:28.509Z,details,"https://maps.googleapis.com/maps/api/place/details/json?place_id=ChIJzeH0AA6n2EcRQh_AGf0NQ8s&fields=...",7143,99,0.017,200
2025-10-18T19:27:58.573Z,photos,"https://maps.googleapis.com/maps/api/place/photo?maxwidth=1600&photoreference=AciIO2eZShlIqj_eGp-Kaw...",353,62,0.007,302
2025-10-18T19:28:28.662Z,details,"https://maps.googleapis.com/maps/api/place/details/json?place_id=ChIJn6zYYWqn2EcRdQcKovaHRxQ&fields=...",6463,87,0.017,200
2025-10-18T19:28:58.740Z,photos,"https://maps.googleapis.com/maps/api/place/photo?maxwidth=1600&photoreference=AciIO2eHYUnVRvaxXFGsRI...",353,77,0.007,302
2025-10-18T19:29:28.838Z,details,"https://maps.googleapis.com/maps/api/place/details/json?place_id=ChIJI5EHAayn2EcRx5GZPb0l-As&fields=...",6960,97,0.017,200
2025-10-18T19:29:58.928Z,photos,"https://maps.googleapis.com/maps/api/place/photo?maxwidth=1600&photoreference=AciIO2cwrFHnNoJXuRY0k2...",353,89,0.007,302
2025-10-18T19:30:29.076Z,details,"https://maps.googleapis.com/maps/api/place/details/json?place_id=ChIJryAJaUWn2EcRG7bWjKbnCMk&fields=...",6545,145,0.017,200
2025-10-18T19:30:59.136Z,photos,"https://maps.googleapis.com/maps/api/place/photo?maxwidth=1600&photoreference=AciIO2cZ4n1zgkwaQXrKzI...",353,58,0.007,302
2025-10-18T19:31:29.237Z,details,"https://maps.googleapis.com/maps/api/place/details/json?place_id=ChIJdb98Aomm2EcRwuXi2E480qg&fields=...",7026,98,0.017,200
2025-10-18T19:31:59.363Z,photos,"https://maps.googleapis.com/maps/api/place/photo?maxwidth=1600&photoreference=AciIO2elV63raW_M-QigUQ...",407,123,0.007,302
2025-10-18T19:32:29.642Z,details,"https://maps.googleapis.com/maps/api/place/details/json?place_id=ChIJzQLGf_Om2EcR95ePjGBi2fw&fields=...",7205,276,0.017,200
2025-10-18T19:32:59.705Z,photos,"https://maps.googleapis.com/maps/api/place/photo?maxwidth=1600&photoreference=AciIO2dGphFn_dOpxhm4Rb...",353,58,0.007,302
2025-10-18T19:33:29.824Z,details,"https://maps.googleapis.com/maps/api/place/details/json?place_id=ChIJg3A4ggKn2EcR59GWUoM_CQI&fields=...",7341,115,0.017,200
2025-10-18T19:33:59.903Z,photos,"https://maps.googleapis.com/maps/api/place/photo?maxwidth=1600&photoreference=AciIO2fyZNTN-WBguXKcdG...",352,76,0.007,302
2025-10-18T19:34:29.987Z,details,"https://maps.googleapis.com/maps/api/place/details/json?place_id=ChIJeX8Xi2am2EcReN4oL4KwUss&fields=...",7139,80,0.017,200
2025-10-18T19:35:00.047Z,photos,"https://maps.googleapis.com/maps/api/place/photo?maxwidth=1600&photoreference=AciIO2cOIeYgYjB8dZ2rH2...",353,58,0.007,302
2025-10-18T19:35:30.177Z,details,"https://maps.googleapis.com/maps/api/place/details/json?place_id=ChIJvdCwat6n2EcRqcSX_MVkgQI&fields=...",7018,128,0.017,200
2025-10-18T19:36:00.254Z,photos,"https://maps.googleapis.com/maps/api/place/photo?maxwidth=1600&photoreference=AciIO2e6bIA7A6GSgoW30n...",353,70,0.007,302
2025-10-18T19:36:30.369Z,details,"https://maps.googleapis.com/maps/api/place/details/json?place_id=ChIJS6w1BmOn2EcRrhV63U7YUG8&fields=...",7490,112,0.017,200
2025-10-18T19:37:00.452Z,photos,"https://maps.googleapis.com/maps/api/place/photo?maxwidth=1600&photoreference=AciIO2cUCOg5bocZJsCM18...",404,82,0.007,302
2025-10-18T19:37:30.562Z,details,"https://maps.googleapis.com/maps/api/place/details/json?place_id=ChIJE8Ku3bml2EcRf6mLn3Crj1I&fields=...",7128,105,0.017,200
2025-10-18T19:38:00.628Z,photos,"https://maps.googleapis.com/maps/api/place/photo?maxwidth=1600&photoreference=AciIO2c9iBR6klEtlW6sGq...",406,63,0.007,302
2025-10-18T19:38:30.720Z,details,"https://maps.googleapis.com/maps/api/place/details/json?place_id=ChIJV3ukjDel2EcR7UT654FzkBE&fields=...",7058,87,0.017,200
2025-10-18T19:39:00.776Z,photos,"https://maps.googleapis.com/maps/api/place/photo?maxwidth=1600&photoreference=AciIO2dbQagW366iA6KHS7...",353,52,0.007,302
2025-10-18T19:39:30.896Z,details,"https://maps.googleapis.com/maps/api/place/details/json?place_id=ChIJ646tkuKl2EcR-KSOkk25Jhk&fields=...",6409,118,0.017,200
2025-10-18T19:40:00.972Z,photos,"https://maps.googleapis.com/maps/api/place/photo?maxwidth=1600&photoreference=AciIO2e3eI3fCppIdGQGOB...",353,74,0.007,302
2025-10-18T19:40:31.080Z,details,"https://maps.googleapis.com/maps/api/place/details/json?place_id=ChIJRz6dL8qk2EcR5Dqd-nVDUK8&fields=...",7241,107,0.017,200
2025-10-18T19:41:01.154Z,photos,"https://maps.googleapis.com/maps/api/place/photo?maxwidth=1600&photoreference=AciIO2dyxtX_-r9rX2pU0v...",353,72,0.007,302
2025-10-18T19:41:31.251Z,details,"https://maps.googleapis.com/maps/api/place/details/json?place_id=ChIJS42Qkcmk2EcR-P_OXjEO9OI&fields=...",7159,93,0.017,200
2025-10-18T19:42:01.335Z,photos,"https://maps.googleapis.com/maps/api/place/photo?maxwidth=1600&photoreference=AciIO2dUqJLsdIHOWTLCVn...",353,82,0.007,302
2025-10-18T19:42:31.447Z,details,"https://maps.googleapis.com/maps/api/place/details/json?place_id=ChIJU4WQ6suk2EcR7JBGM8O0cdQ&fields=...",6939,110,0.017,200
2025-10-18T19:43:01.521Z,photos,"https://maps.googleapis.com/maps/api/place/photo?maxwidth=1600&photoreference=AciIO2eOnhr-FyZuH-tzPr...",353,73,0.007,302
2025-10-18T19:43:31.599Z,details,"https://maps.googleapis.com/maps/api/place/details/json?place_id=ChIJ-9WKCrek2EcRwUH2gY3jas4&fields=...",7400,76,0.017,200
2025-10-18T19:44:01.702Z,photos,"https://maps.googleapis.com/maps/api/place/photo?maxwidth=1600&photoreference=AciIO2c50Qrm7tjIM35lyE...",353,100,0.007,302
2025-10-18T19:44:31.797Z,details,"https://maps.googleapis.com/maps/api/place/details/json?place_id=ChIJRz6dL8qk2EcRN1L2V15z_bY&fields=...",6579,93,0.017,200
2025-10-18T19:45:01.859Z,photos,"https://maps.googleapis.com/maps/api/place/photo?maxwidth=1600&photoreference=AciIO2euONyQIQUPBsnPhG...",353,60,0.007,302
2025-10-18T19:45:31.942Z,details,"https://maps.googleapis.com/maps/api/place/details/json?place_id=ChIJH3XtjuK72EcR1YYEx6mdNjY&fields=...",7332,80,0.017,200
2025-10-18T19:46:02.016Z,photos,"https://maps.googleapis.com/maps/api/place/photo?maxwidth=1600&photoreference=AciIO2foXKELYNlP3OxXnv...",407,71,0.007,302
2025-10-18T19:46:32.125Z,details,"https://maps.googleapis.com/maps/api/place/details/json?place_id=ChIJ6zBJ1cuk2EcRk5IGAZf8uiE&fields=...",7269,107,0.017,200
2025-10-18T19:47:02.200Z,photos,"https://maps.googleapis.com/maps/api/place/photo?maxwidth=1600&photoreference=AciIO2cO2ubGClR4cQkqqA...",353,73,0.007,302
2025-10-18T19:47:32.293Z,details,"https://maps.googleapis.com/maps/api/place/details/json?place_id=ChIJeWD3Yoql2EcRJUY0V8aXWps&fields=...",7384,91,0.017,200
2025-10-18T19:48:02.347Z,photos,"https://maps.googleapis.com/maps/api/place/photo?maxwidth=1600&photoreference=AciIO2f5f8PpatUGBUi7eG...",404,51,0.007,302
2025-10-18T19:48:32.458Z,details,"https://maps.googleapis.com/maps/api/place/details/json?place_id=ChIJa28B8g-l2EcRiHBes_5l_dM&fields=...",6800,82,0.017,200
2025-10-18T19:49:02.598Z,photos,"https://maps.googleapis.com/maps/api/place/photo?maxwidth=1600&photoreference=AciIO2ejnPYHZeC_9wOUKB...",414,130,0.007,302
2025-10-18T19:49:32.728Z,details,"https://maps.googleapis.com/maps/api/place/details/json?place_id=ChIJebkJPWCj2EcRdpy_hxDBo0c&fields=...",7061,125,0.017,200
2025-10-18T19:50:02.831Z,photos,"https://maps.googleapis.com/maps/api/place/photo?maxwidth=1600&photoreference=AciIO2c0XZf4GO6aRNx6i2...",353,99,0.007,302
2025-10-18T19:50:32.926Z,details,"https://maps.googleapis.com/maps/api/place/details/json?place_id=ChIJ9cyXebak2EcRcCZ8tqLbvro&fields=...",7297,93,0.017,200
2025-10-18T19:51:02.991Z,photos,"https://maps.googleapis.com/maps/api/place/photo?maxwidth=1600&photoreference=AciIO2cVeFF2_fvvhJK7dF...",353,59,0.007,302
2025-10-18T19:51:33.095Z,details,"https://maps.googleapis.com/maps/api/place/details/json?place_id=ChIJibaJYsql2EcRg6MqTwkSrCU&fields=...",7058,101,0.017,200
2025-10-18T19:52:03.169Z,photos,"https://maps.googleapis.com/maps/api/place/photo?maxwidth=1600&photoreference=AciIO2fx37yZDA4uymBbjQ...",353,73,0.007,302
2025-10-18T19:52:33.304Z,details,"https://maps.googleapis.com/maps/api/place/details/json?place_id=ChIJneUOIBml2EcRaCEsRBt34g4&fields=...",7492,133,0.017,200
2025-10-18T19:53:03.368Z,photos,"https://maps.googleapis.com/maps/api/place/photo?maxwidth=1600&photoreference=AciIO2f8NOdGoTBCskDUvp...",407,62,0.007,302
2025-10-18T19:53:33.459Z,details,"https://maps.googleapis.com/maps/api/place/details/json?place_id=ChIJBcfd-3Sl2EcR2k-bb8JzkQ4&fields=...",7568,89,0.017,200
2025-10-18T19:54:03.555Z,photos,"https://maps.googleapis.com/maps/api/place/photo?maxwidth=1600&photoreference=AciIO2cHqEBBJBf4-B9Ea3...",406,95,0.007,302
2025-10-18T19:54:33.676Z,details,"https://maps.googleapis.com/maps/api/place/details/json?place_id=ChIJw37JenW72EcRQndhe5G487o&fields=...",6616,118,0.017,200
2025-10-18T19:55:03.734Z,photos,"https://maps.googleapis.com/maps/api/place/photo?maxwidth=1600&photoreference=AciIO2fOZIsTEDMZNfu94K...",353,56,0.007,302
2025-10-18T19:55:33.849Z,details,"https://maps.googleapis.com/maps/api/place/details/json?place_id=ChIJd1k7atCk2EcR_mowxIq_mkY&fields=...",7415,111,0.017,200
2025-10-18T19:56:03.913Z,photos,"https://maps.googleapis.com/maps/api/place/photo?maxwidth=1600&photoreference=AciIO2faTiLpoGTVsLDW_c...",353,62,0.007,302
2025-10-18T19:56:34.005Z,details,"https://maps.googleapis.com/maps/api/place/details/json?place_id=ChIJNwHtNYu72EcRjAt6vzYaNJo&fields=...",7480,89,0.017,200
2025-10-18T19:57:04.063Z,photos,"https://maps.googleapis.com/maps/api/place/photo?maxwidth=1600&photoreference=AciIO2dUAoDwFtq4Z2cdeH...",407,56,0.007,302
2025-10-18T19:57:34.186Z,details,"https://maps.googleapis.com/maps/api/place/details/json?place_id=ChIJMaGV3Ea72EcRdALI5ckoST0&fields=...",7425,121,0.017,200
2025-10-18T19:58:04.234Z,photos,"https://maps.googleapis.com/maps/api/place/photo?maxwidth=1600&photoreference=AciIO2f0LQnfmHVY0lZAmM...",353,46,0.007,302
2025-10-18T19:58:34.329Z,details,"https://maps.googleapis.com/maps/api/place/details/json?place_id=ChIJJXGSHmen2EcRobw5O4e5xUw&fields=...",7043,93,0.017,200
2025-10-18T19:59:04.426Z,photos,"https://maps.googleapis.com/maps/api/place/photo?maxwidth=1600&photoreference=AciIO2f2b0IO6T2YR4vod0...",406,95,0.007,302
2025-10-18T19:59:34.581Z,details,"https://maps.googleapis.com/maps/api/place/details/json?place_id=ChIJhzdl_vuk2EcRiUS2iwrfdBs&fields=...",7260,153,0.017,200
2025-10-18T20:00:04.642Z,photos,"https://maps.googleapis.com/maps/api/place/photo?maxwidth=1600&photoreference=AciIO2cAkUeyEjhujachB1...",404,54,0.007,302
2025-10-18T20:00:34.745Z,details,"https://maps.googleapis.com/maps/api/place/details/json?place_id=ChIJ8_SiGMuk2EcRqQ7SQyczPnM&fields=...",7382,102,0.017,200
2025-10-18T20:01:04.824Z,photos,"https://maps.googleapis.com/maps/api/place/photo?maxwidth=1600&photoreference=AciIO2f1UIi2-O586NBwvz...",353,77,0.007,302
2025-10-18T20:01:34.927Z,details,"https://maps.googleapis.com/maps/api/place/details/json?place_id=ChIJC_CYvhyl2EcRQUi2oeVuv3A&fields=...",7090,100,0.017,200
2025-10-18T20:02:04.994Z,photos,"https://maps.googleapis.com/maps/api/place/photo?maxwidth=1600&photoreference=AciIO2cTplKyTNYLlY1Roc...",352,63,0.007,302
2025-10-18T20:02:35.247Z,details,"https://maps.googleapis.com/maps/api/place/details/json?place_id=ChIJg7Lr0sel2EcR7tmfuWenQ_I&fields=...",7512,252,0.017,200
2025-10-18T20:03:05.306Z,photos,"https://maps.googleapis.com/maps/api/place/photo?maxwidth=1600&photoreference=AciIO2evt3sGE30KvHjBU1...",407,56,0.007,302
2025-10-18T20:03:35.404Z,details,"https://maps.googleapis.com/maps/api/place/details/json?place_id=ChIJF7PDIou72EcRlAX7epphCFw&fields=...",6712,95,0.017,200
2025-10-18T20:04:05.492Z,photos,"https://maps.googleapis.com/maps/api/place/photo?maxwidth=1600&photoreference=AciIO2eL8XFXDhUC2vad8c...",353,86,0.007,302
2025-10-18T20:04:35.585Z,details,"https://maps.googleapis.com/maps/api/place/details/json?place_id=ChIJaXfiYLml2EcRUpq7U8QoQEc&fields=...",7169,91,0.017,200
2025-10-18T20:05:05.643Z,photos,"https://maps.googleapis.com/maps/api/place/photo?maxwidth=1600&photoreference=AciIO2cw97-ZZFM08ll5N7...",406,54,0.007,302
2025-10-18T20:05:35.740Z,details,"https://maps.googleapis.com/maps/api/place/details/json?place_id=ChIJr7G_FXOl2EcR_hIZ9p4CWg8&fields=...",7541,95,0.017,200
2025-10-18T20:06:05.831Z,photos,"https://maps.googleapis.com/maps/api/place/photo?maxwidth=1600&photoreference=AciIO2cR0kUIy4ZHzyxesg...",407,88,0.007,302
2025-10-18T20:06:35.921Z,details,"https://maps.googleapis.com/maps/api/place/details/json?place_id=ChIJZwXq3WUddkgRhLmi8i0FI7w&fields=...",7472,88,0.017,200
2025-10-18T20:07:05.977Z,photos,"https://maps.googleapis.com/maps/api/place/photo?maxwidth=1600&photoreference=AciIO2eV-3wwqbDawAs9Uv...",353,52,0.007,302
2025-10-18T20:07:36.100Z,details,"https://maps.googleapis.com/maps/api/place/details/json?place_id=ChIJIbmAlIwddkgR0VBRMG7xwxA&fields=...",6928,121,0.017,200
2025-10-18T20:08:06.172Z,photos,"https://maps.googleapis.com/maps/api/place/photo?maxwidth=1600&photoreference=AciIO2chjXRaK6XXpZNVpU...",353,70,0.007,302
2025-10-18T20:08:36.284Z,details,"https://maps.googleapis.com/maps/api/place/details/json?place_id=ChIJfy76OQAddkgR_c9PqKpal58&fields=...",7009,109,0.017,200
2025-10-18T20:09:06.394Z,photos,"https://maps.googleapis.com/maps/api/place/photo?maxwidth=1600&photoreference=AciIO2fmosFjY_dkqcthiL...",353,107,0.007,302
2025-10-18T20:09:36.493Z,details,"https://maps.googleapis.com/maps/api/place/details/json?place_id=ChIJecaoTGsddkgR45Gdt-M-pSc&fields=...",7165,98,0.017,200
2025-10-18T20:10:06.569Z,photos,"https://maps.googleapis.com/maps/api/place/photo?maxwidth=1600&photoreference=AciIO2fixHkh5cR83A2K5F...",353,73,0.007,302
2025-10-18T20:10:36.662Z,details,"https://maps.googleapis.com/maps/api/place/details/json?place_id=ChIJTXB6froddkgRuEaYCnTkgp8&fields=...",7324,90,0.017,200
2025-10-18T20:11:06.735Z,photos,"https://maps.googleapis.com/maps/api/place/photo?maxwidth=1600&photoreference=AciIO2fYwlHtbuRUpMjkkl...",353,71,0.007,302
2025-10-18T20:11:36.828Z,details,"https://maps.googleapis.com/maps/api/place/details/json?place_id=ChIJE90CRJcddkgRVtOZgpCUCxg&fields=...",6205,90,0.017,200
2025-10-18T20:12:06.879Z,photos,"https://maps.googleapis.com/maps/api/place/photo?maxwidth=1600&photoreference=AciIO2fhNeicNtBE3dGYfm...",353,49,0.007,302
2025-10-18T20:12:36.999Z,details,"https://maps.googleapis.com/maps/api/place/details/json?place_id=ChIJ_2MpI7UddkgRHYhVMXmovgc&fields=...",7050,119,0.017,200
2025-10-18T20:13:07.101Z,photos,"https://maps.googleapis.com/maps/api/place/photo?maxwidth=1600&photoreference=AciIO2cQTYGgLIO8VIMIRk...",353,101,0.007,302
2025-10-18T20:13:37.200Z,details,"https://maps.googleapis.com/maps/api/place/details/json?place_id=ChIJFzhyScoddkgR6YkNMfwfdVM&fields=...",6551,95,0.017,200
2025-10-18T20:14:07.301Z,photos,"https://maps.googleapis.com/maps/api/place/photo?maxwidth=1600&photoreference=AciIO2eosG_vMCqhaKqSLn...",353,99,0.007,302
2025-10-18T20:14:37.396Z,details,"https://maps.googleapis.com/maps/api/place/details/json?place_id=ChIJUz0KzWQddkgRth6WR7wIL1g&fields=...",7366,92,0.017,200
2025-10-18T20:15:07.444Z,photos,"https://maps.googleapis.com/maps/api/place/photo?maxwidth=1600&photoreference=AciIO2dovhzuVw6h_fcS-V...",353,46,0.007,302
2025-10-18T20:15:37.574Z,details,"https://maps.googleapis.com/maps/api/place/details/json?place_id=ChIJvy-Gu3oddkgRLbNEhOdyaxc&fields=...",7168,127,0.017,200
2025-10-18T20:16:07.652Z,photos,"https://maps.googleapis.com/maps/api/place/photo?maxwidth=1600&photoreference=AciIO2eX6xtq-l60j1pxmt...",353,76,0.007,302
2025-10-18T20:16:37.732Z,details,"https://maps.googleapis.com/maps/api/place/details/json?place_id=ChIJDb8K65AZdkgRS0fLcb11Um0&fields=...",6943,79,0.017,200
2025-10-18T20:17:07.794Z,photos,"https://maps.googleapis.com/maps/api/place/photo?maxwidth=1600&photoreference=AciIO2fQHBK5rAKXGIRW3B...",353,58,0.007,302
2025-10-18T20:17:37.906Z,details,"https://maps.googleapis.com/maps/api/place/details/json?place_id=ChIJmazEe8UddkgRnhbfxLdYg8I&fields=...",7449,112,0.017,200
2025-10-18T20:18:07.983Z,photos,"https://maps.googleapis.com/maps/api/place/photo?maxwidth=1600&photoreference=AciIO2ctEnutxXNFQmhr1m...",404,73,0.007,302
2025-10-18T20:18:38.105Z,details,"https://maps.googleapis.com/maps/api/place/details/json?place_id=ChIJ2xdVttGn2EcRcmPByHcG6iI&fields=...",7039,118,0.017,200
2025-10-18T20:19:08.220Z,photos,"https://maps.googleapis.com/maps/api/place/photo?maxwidth=1600&photoreference=AciIO2dSKPa2Ez8-2zUprx...",353,112,0.007,302
2025-10-18T20:19:38.313Z,details,"https://maps.googleapis.com/maps/api/place/details/json?place_id=ChIJp6NLNGQddkgR_GgSckQUHlc&fields=...",7464,89,0.017,200
2025-10-18T20:20:08.380Z,photos,"https://maps.googleapis.com/maps/api/place/photo?maxwidth=1600&photoreference=AciIO2c3KspduSARdfoPxx...",412,65,0.007,302
2025-10-18T20:20:38.500Z,details,"https://maps.googleapis.com/maps/api/place/details/json?place_id=ChIJmQHPzGEddkgRNno72oCuJLc&fields=...",7086,118,0.017,200
2025-10-18T20:21:08.574Z,photos,"https://maps.googleapis.com/maps/api/place/photo?maxwidth=1600&photoreference=AciIO2eFBWPE1VX0FiUdWk...",353,69,0.007,302
2025-10-18T20:21:38.661Z,details,"https://maps.googleapis.com/maps/api/place/details/json?place_id=ChIJuRHj7EsddkgRE-i1dDNpzJQ&fields=...",7248,86,0.017,200
2025-10-18T20:22:08.732Z,photos,"https://maps.googleapis.com/maps/api/place/photo?maxwidth=1600&photoreference=AciIO2dtfAO2405fxPjnNS...",352,69,0.007,302
2025-10-18T20:22:38.825Z,details,"https://maps.googleapis.com/maps/api/place/details/json?place_id=ChIJN-tI43oddkgRVRx3nWXx1jE&fields=...",7156,90,0.017,200
2025-10-18T20:23:08.903Z,photos,"https://maps.googleapis.com/maps/api/place/photo?maxwidth=1600&photoreference=AciIO2fouHqqWjoBm969NQ...",353,77,0.007,302
2025-10-18T20:23:39.034Z,details,"https://maps.googleapis.com/maps/api/place/details/json?place_id=ChIJc3IlTYmn2EcR4NYH2aKzH50&fields=...",7059,130,0.017,200
2025-10-18T20:24:09.138Z,photos,"https://maps.googleapis.com/maps/api/place/photo?maxwidth=1600&photoreference=AciIO2c1pncFgakTfWNlon...",353,103,0.007,302
2025-10-18T20:24:39.239Z,details,"https://maps.googleapis.com/maps/api/place/details/json?place_id=ChIJeaUgU74ddkgRPKIve7KTSaU&fields=...",7389,98,0.017,200
2025-10-18T20:25:09.308Z,photos,"https://maps.googleapis.com/maps/api/place/photo?maxwidth=1600&photoreference=AciIO2ekdYDKFsDOkX4yq5...",407,67,0.007,302
2025-10-18T20:25:39.416Z,details,"https://maps.googleapis.com/maps/api/place/details/json?place_id=ChIJHe4josan2EcRfPNC7bdTQXo&fields=...",7235,101,0.017,200
2025-10-18T20:26:09.484Z,photos,"https://maps.googleapis.com/maps/api/place/photo?maxwidth=1600&photoreference=AciIO2eTBPCXOfGtJiNweZ...",353,66,0.007,302
2025-10-18T20:26:39.589Z,details,"https://maps.googleapis.com/maps/api/place/details/json?place_id=ChIJH-_1w8gddkgRLttjfsJ-zHQ&fields=...",7308,102,0.017,200
2025-10-18T20:27:09.670Z,photos,"https://maps.googleapis.com/maps/api/place/photo?maxwidth=1600&photoreference=AciIO2f9qZpdcCnlBnAAtY...",407,79,0.007,302
2025-10-18T20:27:39.752Z,details,"https://maps.googleapis.com/maps/api/place/details/json?place_id=ChIJY1NsBWQddkgR9_cISDe9AFI&fields=...",7153,81,0.017,200
2025-10-18T20:28:09.823Z,photos,"https://maps.googleapis.com/maps/api/place/photo?maxwidth=1600&photoreference=AciIO2f8QH9jU9wxBhhc8I...",353,68,0.007,302
2025-10-18T20:28:39.947Z,details,"https://maps.googleapis.com/maps/api/place/details/json?place_id=ChIJczLSA1Sn2EcRPzuuETIeuwY&fields=...",7527,122,0.017,200
2025-10-18T20:29:10.025Z,photos,"https://maps.googleapis.com/maps/api/place/photo?maxwidth=1600&photoreference=AciIO2cDHjoSr4rw59RTem...",404,75,0.007,302
2025-10-18T20:29:40.110Z,details,"https://maps.googleapis.com/maps/api/place/details/json?place_id=ChIJ-e9iBwCn2EcRLTE0LfhvXy8&fields=...",4555,84,0.017,200
2025-10-18T20:30:10.174Z,photos,"https://maps.googleapis.com/maps/api/place/photo?maxwidth=1600&photoreference=AciIO2d9xOt0SfRjiKJRLc...",407,62,0.007,302
2025-10-18T20:30:40.296Z,details,"https://maps.googleapis.com/maps/api/place/details/json?place_id=ChIJk0eBdoqn2EcRM69TKraGy80&fields=...",7209,121,0.017,200
2025-10-18T20:31:10.400Z,photos,"https://maps.googleapis.com/maps/api/place/photo?maxwidth=1600&photoreference=AciIO2czaL94wtz-bRM8nE...",353,101,0.007,302
2025-10-18T20:31:40.512Z,details,"https://maps.googleapis.com/maps/api/place/details/json?place_id=ChIJW6xX4Yin2EcRMv67Grgxx_o&fields=...",7396,109,0.017,200
2025-10-18T20:32:10.585Z,photos,"https://maps.googleapis.com/maps/api/place/photo?maxwidth=1600&photoreference=AciIO2ctRu9I452Bsga6dN...",352,71,0.007,302
2025-10-18T20:32:40.675Z,details,"https://maps.googleapis.com/maps/api/place/details/json?place_id=ChIJ3fu6yCmn2EcR0cV0glc6m20&fields=...",7123,88,0.017,200
2025-10-18T20:33:10.769Z,photos,"https://maps.googleapis.com/maps/api/place/photo?maxwidth=1600&photoreference=AciIO2cTHOo3xDc_rSP_zi...",407,89,0.007,302
2025-10-18T20:33:40.878Z,details,"https://maps.googleapis.com/maps/api/place/details/json?place_id=ChIJoYcJQhAddkgRm1kg_1FR1iQ&fields=...",3830,105,0.017,200
2025-10-18T20:34:10.936Z,photos,"https://maps.googleapis.com/maps/api/place/photo?maxwidth=1600&photoreference=AciIO2cVlGoxTdMxWnvXPg...",407,55,0.007,302
2025-10-18T20:34:41.469Z,details,"https://maps.googleapis.com/maps/api/place/details/json?place_id=ChIJd_rcjewddkgRRGucuIAjYpU&fields=...",5904,532,0.017,200
2025-10-18T20:35:11.533Z,photos,"https://maps.googleapis.com/maps/api/place/photo?maxwidth=1600&photoreference=AciIO2f_BHbhqbHF1-ZWJF...",407,63,0.007,302
2025-10-18T20:35:41.655Z,details,"https://maps.googleapis.com/maps/api/place/details/json?place_id=ChIJKw2qKgCn2EcRfdNz4mIP1sY&fields=...",6383,120,0.017,200
2025-10-18T20:36:11.716Z,photos,"https://maps.googleapis.com/maps/api/place/photo?maxwidth=1600&photoreference=AciIO2eQCkluPB7bBD5LHe...",353,58,0.007,302
2025-10-18T20:36:41.817Z,details,"https://maps.googleapis.com/maps/api/place/details/json?place_id=ChIJq34pQWQddkgR_hWd40874vQ&fields=...",6856,99,0.017,200
2025-10-18T20:37:11.894Z,photos,"https://maps.googleapis.com/maps/api/place/photo?maxwidth=1600&photoreference=AciIO2ezQ93DKEQ-GA9pxi...",352,74,0.007,302
2025-10-18T20:37:42.011Z,details,"https://maps.googleapis.com/maps/api/place/details/json?place_id=ChIJqcSGlYin2EcRXjCwo92TeFg&fields=...",7073,111,0.017,200
2025-10-18T20:38:12.070Z,photos,"https://maps.googleapis.com/maps/api/place/photo?maxwidth=1600&photoreference=AciIO2ffe6tzgDSQNIyFaF...",353,57,0.007,302
2025-10-18T20:38:42.211Z,details,"https://maps.googleapis.com/maps/api/place/details/json?place_id=ChIJAWxvnYUddkgRYDdKMNbeyTo&fields=...",6841,140,0.017,200
2025-10-18T20:39:12.277Z,photos,"https://maps.googleapis.com/maps/api/place/photo?maxwidth=1600&photoreference=AciIO2c6XBsRG07ITZeUZp...",353,63,0.007,302
2025-10-18T20:39:42.379Z,details,"https://maps.googleapis.com/maps/api/place/details/json?place_id=ChIJIfr7lHYddkgRBpHiftn5UJA&fields=...",7478,95,0.017,200
2025-10-18T20:40:12.484Z,photos,"https://maps.googleapis.com/maps/api/place/photo?maxwidth=1600&photoreference=AciIO2eSNo3yH0fKWEVAwP...",407,100,0.007,302
2025-10-18T20:40:42.610Z,details,"https://maps.googleapis.com/maps/api/place/details/json?place_id=ChIJ61lq1fUddkgRTLv-18grF3o&fields=...",7305,123,0.017,200
2025-10-18T20:41:12.692Z,photos,"https://maps.googleapis.com/maps/api/place/photo?maxwidth=1600&photoreference=AciIO2eeUN1VCIjoXf_xfV...",353,79,0.007,302
2025-10-18T20:41:42.782Z,details,"https://maps.googleapis.com/maps/api/place/details/json?place_id=ChIJd9ShyCYddkgRijq1Pg__mJI&fields=...",7448,87,0.017,200
2025-10-18T20:42:12.839Z,photos,"https://maps.googleapis.com/maps/api/place/photo?maxwidth=1600&photoreference=AciIO2czNbiwZGwcTC0YOH...",352,51,0.007,302
2025-10-18T20:42:42.934Z,details,"https://maps.googleapis.com/maps/api/place/details/json?place_id=ChIJpVjlBd0cdkgRYhqMTg_Ozmw&fields=...",7342,91,0.017,200
2025-10-18T20:43:12.996Z,photos,"https://maps.googleapis.com/maps/api/place/photo?maxwidth=1600&photoreference=AciIO2croz0lm2wg9wpuPP...",352,58,0.007,302
2025-10-18T20:43:43.115Z,details,"https://maps.googleapis.com/maps/api/place/details/json?place_id=ChIJd_eGBtscdkgRSU9ny7vkwew&fields=...",7093,116,0.017,200
2025-10-18T20:44:13.179Z,photos,"https://maps.googleapis.com/maps/api/place/photo?maxwidth=1600&photoreference=AciIO2f7JrMTQTmlUVnbhv...",353,62,0.007,302
2025-10-18T20:44:43.286Z,details,"https://maps.googleapis.com/maps/api/place/details/json?place_id=ChIJ77jFwHwddkgR_34fn1v8I8s&fields=...",7274,105,0.017,200
2025-10-18T20:45:13.381Z,photos,"https://maps.googleapis.com/maps/api/place/photo?maxwidth=1600&photoreference=AciIO2cfWjBmjtIosq2Jsc...",353,92,0.007,302
2025-10-18T20:45:43.510Z,details,"https://maps.googleapis.com/maps/api/place/details/json?place_id=ChIJDY_nE90cdkgRaTn-VkjMYcE&fields=...",7125,125,0.017,200
2025-10-18T20:46:13.575Z,photos,"https://maps.googleapis.com/maps/api/place/photo?maxwidth=1600&photoreference=AciIO2dkVtvpONsYQRRJ0Z...",353,61,0.007,302
2025-10-18T20:46:43.685Z,details,"https://maps.googleapis.com/maps/api/place/details/json?place_id=ChIJod4m7MsddkgRFxjhgioaWtM&fields=...",6629,107,0.017,200
2025-10-18T20:47:13.740Z,photos,"https://maps.googleapis.com/maps/api/place/photo?maxwidth=1600&photoreference=AciIO2fNy9iyqqyOuWscp_...",353,52,0.007,302
2025-10-18T20:47:43.834Z,details,"https://maps.googleapis.com/maps/api/place/details/json?place_id=ChIJn-wx7LQddkgRMWv5bVEiEfQ&fields=...",7421,91,0.017,200
2025-10-18T20:48:13.907Z,photos,"https://maps.googleapis.com/maps/api/place/photo?maxwidth=1600&photoreference=AciIO2fpEW2e5L6PAixSpK...",353,71,0.007,302
2025-10-18T20:48:44.087Z,details,"https://maps.googleapis.com/maps/api/place/details/json?place_id=ChIJr0I4YsccdkgRxIajTnwBuUs&fields=...",7594,178,0.017,200
2025-10-18T20:49:14.168Z,photos,"https://maps.googleapis.com/maps/api/place/photo?maxwidth=1600&photoreference=AciIO2cdgLvDBvSBEnKZfG...",407,79,0.007,302
2025-10-18T20:49:44.271Z,details,"https://maps.googleapis.com/maps/api/place/details/json?place_id=ChIJ_de03z8ddkgRZ5303cHZv5c&fields=...",6775,101,0.017,200
2025-10-18T20:50:14.349Z,photos,"https://maps.googleapis.com/maps/api/place/photo?maxwidth=1600&photoreference=AciIO2dxRqtAweurua5RdS...",353,74,0.007,302
2025-10-18T20:50:44.478Z,details,"https://maps.googleapis.com/maps/api/place/details/json?place_id=ChIJPRMrANscdkgRTrz9qn1-Oqk&fields=...",7159,127,0.017,200
2025-10-18T20:51:14.536Z,photos,"https://maps.googleapis.com/maps/api/place/photo?maxwidth=1600&photoreference=AciIO2fkpL24jugWx_eEjl...",353,55,0.007,302
2025-10-18T20:51:44.642Z,details,"https://maps.googleapis.com/maps/api/place/details/json?place_id=ChIJS6VDglUddkgRhl3dT6nJDE8&fields=...",7560,104,0.017,200
2025-10-18T20:52:14.695Z,photos,"https://maps.googleapis.com/maps/api/place/photo?maxwidth=1600&photoreference=AciIO2eS_HEhhHJNktTMq4...",407,51,0.007,302
2025-10-18T20:52:44.787Z,details,"https://maps.googleapis.com/maps/api/place/details/json?place_id=ChIJSwye-rccdkgRXxRB4_6zAWY&fields=...",7239,89,0.017,200
2025-10-18T20:53:14.854Z,photos,"https://maps.googleapis.com/maps/api/place/photo?maxwidth=1600&photoreference=AciIO2cpa66HmSdAep4WLY...",353,66,0.007,302
2025-10-18T20:53:45.019Z,details,"https://maps.googleapis.com/maps/api/place/details/json?place_id=ChIJ8zOhWZ0ddkgR6nfs8oVWbvY&fields=...",7100,161,0.017,200
2025-10-18T20:54:15.075Z,photos,"https://maps.googleapis.com/maps/api/place/photo?maxwidth=1600&photoreference=AciIO2fLdXIAP8geRQnOOw...",352,70,0.007,302
2025-10-18T20:54:45.193Z,details,"https://maps.googleapis.com/maps/api/place/details/json?place_id=ChIJKQybmMUcdkgRvKkwtJ1nuC4&fields=...",7124,126,0.017,200
2025-10-18T20:55:15.259Z,photos,"https://maps.googleapis.com/maps/api/place/photo?maxwidth=1600&photoreference=AciIO2fVaGkjmPTdtkGitl...",353,66,0.007,302
2025-10-18T20:55:45.401Z,details,"https://maps.googleapis.com/maps/api/place/details/json?place_id=ChIJdy7GQEMddkgRas_xKmN-xPk&fields=...",7675,140,0.017,200
2025-10-18T20:56:15.461Z,photos,"https://maps.googleapis.com/maps/api/place/photo?maxwidth=1600&photoreference=AciIO2dx6HByl1LR0Nj0Lg...",414,57,0.007,302
2025-10-18T20:56:45.564Z,details,"https://maps.googleapis.com/maps/api/place/details/json?place_id=ChIJgUcZY9gddkgR173CRgrwcek&fields=...",7084,101,0.017,200
2025-10-18T20:57:15.626Z,photos,"https://maps.googleapis.com/maps/api/place/photo?maxwidth=1600&photoreference=AciIO2cggEz3aJ7wg2MoRe...",353,60,0.007,302
2025-10-18T20:57:45.729Z,details,"https://maps.googleapis.com/maps/api/place/details/json?place_id=ChIJQ6JhAAAddkgRVWi5e3zUyL0&fields=...",6556,98,0.017,200
2025-10-18T20:58:15.789Z,photos,"https://maps.googleapis.com/maps/api/place/photo?maxwidth=1600&photoreference=AciIO2eyuD-Bzz0UUoVQIw...",353,58,0.007,302
2025-10-18T20:58:45.890Z,details,"https://maps.googleapis.com/maps/api/place/details/json?place_id=ChIJ32UA8tgcdkgReQ9AtfsZfTg&fields=...",6725,99,0.017,200
2025-10-18T20:59:15.943Z,photos,"https://maps.googleapis.com/maps/api/place/photo?maxwidth=1600&photoreference=AciIO2fNuoMhTgqlkcHUKp...",353,50,0.007,302
2025-10-18T20:59:46.034Z,details,"https://maps.googleapis.com/maps/api/place/details/json?place_id=ChIJL1esHhkddkgRnsgpNIM5aFQ&fields=...",7429,89,0.017,200
2025-10-18T21:00:16.094Z,photos,"https://maps.googleapis.com/maps/api/place/photo?maxwidth=1600&photoreference=AciIO2fg1uxEVaY9nO2TLv...",353,56,0.007,302
2025-10-18T21:00:46.215Z,details,"https://maps.googleapis.com/maps/api/place/details/json?place_id=ChIJiVTj6gQddkgRcttTW8bh4kU&fields=...",6908,119,0.017,200
2025-10-18T21:01:16.337Z,photos,"https://maps.googleapis.com/maps/api/place/photo?maxwidth=1600&photoreference=AciIO2cTHCFwKuVLtUZ0hi...",353,119,0.007,302
2025-10-18T21:01:46.423Z,details,"https://maps.googleapis.com/maps/api/place/details/json?place_id=ChIJhzC6UAAddkgRH2xLhsNVaH0&fields=...",6945,83,0.017,200
2025-10-18T21:02:16.478Z,photos,"https://maps.googleapis.com/maps/api/place/photo?maxwidth=1600&photoreference=AciIO2fWLk507STMX1wQMp...",353,54,0.007,302
2025-10-18T21:02:46.562Z,details,"https://maps.googleapis.com/maps/api/place/details/json?place_id=ChIJA96no3cDdkgRKs6dYeGJbmM&fields=...",6745,82,0.017,200
2025-10-18T21:03:16.607Z,photos,"https://maps.googleapis.com/maps/api/place/photo?maxwidth=1600&photoreference=AciIO2cgH7RXgCKZbwpTqv...",353,44,0.007,302
2025-10-18T21:03:46.743Z,details,"https://maps.googleapis.com/maps/api/place/details/json?place_id=ChIJOyGxm_kddkgRM3WNkdI8A4E&fields=...",7370,131,0.017,200
2025-10-18T21:04:16.845Z,photos,"https://maps.googleapis.com/maps/api/place/photo?maxwidth=1600&photoreference=AciIO2ckly542T7-MapCy6...",353,101,0.007,302
2025-10-18T21:04:47.010Z,details,"https://maps.googleapis.com/maps/api/place/details/json?place_id=ChIJ-UgboQUddkgR5VbVYqgqle4&fields=...",7259,164,0.017,200
2025-10-18T21:05:17.082Z,photos,"https://maps.googleapis.com/maps/api/place/photo?maxwidth=1600&photoreference=AciIO2cL-7izSny0mU5Fs2...",353,70,0.007,302
2025-10-18T21:05:47.212Z,details,"https://maps.googleapis.com/maps/api/place/details/json?place_id=ChIJx8f41bgcdkgRDa0FDrxvRIg&fields=...",7373,127,0.017,200
2025-10-18T21:06:17.289Z,photos,"https://maps.googleapis.com/maps/api/place/photo?maxwidth=1600&photoreference=AciIO2fVq0BLwwovuD7lJT...",407,74,0.007,302
2025-10-18T21:06:47.404Z,details,"https://maps.googleapis.com/maps/api/place/details/json?place_id=ChIJ0d9HoTUddkgRyg0oRpC_c3U&fields=...",7321,112,0.017,200
2025-10-18T21:07:17.460Z,photos,"https://maps.googleapis.com/maps/api/place/photo?maxwidth=1600&photoreference=AciIO2dlmK3VV2T0zAKkOd...",353,54,0.007,302
2025-10-18T21:07:47.552Z,details,"https://maps.googleapis.com/maps/api/place/details/json?place_id=ChIJmzIMM5YddkgR5PhNq_DqqTc&fields=...",7192,89,0.017,200
2025-10-18T21:08:17.626Z,photos,"https://maps.googleapis.com/maps/api/place/photo?maxwidth=1600&photoreference=AciIO2d1nSIQZxtxyhV8fO...",353,72,0.007,302
2025-10-18T21:08:47.763Z,details,"https://maps.googleapis.com/maps/api/place/details/json?place_id=ChIJCX4xlukddkgR8tsZRDamZIY&fields=...",7618,137,0.017,200
2025-10-18T21:09:17.829Z,photos,"https://maps.googleapis.com/maps/api/place/photo?maxwidth=1600&photoreference=AciIO2fEhMdbc3s4VWz_Iy...",407,61,0.007,302
2025-10-18T21:09:47.926Z,details,"https://maps.googleapis.com/maps/api/place/details/json?place_id=ChIJMVn0pZIcdkgRhP999ah47qk&fields=...",7587,95,0.017,200
2025-10-18T21:10:17.999Z,photos,"https://maps.googleapis.com/maps/api/place/photo?maxwidth=1600&photoreference=AciIO2ebJfV9RWyM_IPLLc...",406,70,0.007,302
2025-10-18T21:10:48.121Z,details,"https://maps.googleapis.com/maps/api/place/details/json?place_id=ChIJcUPdmuUcdkgR7xiH0Dc5OrU&fields=...",6819,119,0.017,200
2025-10-18T21:11:18.179Z,photos,"https://maps.googleapis.com/maps/api/place/photo?maxwidth=1600&photoreference=AciIO2fP4tcLMZefndcaGP...",353,57,0.007,302
2025-10-18T21:11:48.277Z,details,"https://maps.googleapis.com/maps/api/place/details/json?place_id=ChIJded3t1sddkgReJfj2iOAS1o&fields=...",7276,97,0.017,200
2025-10-18T21:12:18.330Z,photos,"https://maps.googleapis.com/maps/api/place/photo?maxwidth=1600&photoreference=AciIO2cxy41eyh4pCcz0fh...",353,51,0.007,302
2025-10-18T21:12:48.419Z,details,"https://maps.googleapis.com/maps/api/place/details/json?place_id=ChIJ03K_hvwddkgRt16RGMiNeeo&fields=...",7034,86,0.017,200
2025-10-18T21:13:18.468Z,photos,"https://maps.googleapis.com/maps/api/place/photo?maxwidth=1600&photoreference=AciIO2eSQURMJ1l555Pmcu...",353,47,0.007,302
2025-10-18T21:13:48.585Z,details,"https://maps.googleapis.com/maps/api/place/details/json?place_id=ChIJq_N9NKgddkgRPmF9XapQArk&fields=...",7293,115,0.017,200
2025-10-18T21:14:18.660Z,photos,"https://maps.googleapis.com/maps/api/place/photo?maxwidth=1600&photoreference=AciIO2dPGDCmPYQ9wwH2_J...",353,71,0.007,302
2025-10-18T21:14:48.755Z,details,"https://maps.googleapis.com/maps/api/place/details/json?place_id=ChIJQyFKi34ddkgRmnne6EX_1ZU&fields=...",6669,92,0.017,200
2025-10-18T21:15:18.821Z,photos,"https://maps.googleapis.com/maps/api/place/photo?maxwidth=1600&photoreference=AciIO2cLbGOrllHlAP_aeu...",352,62,0.007,302
2025-10-18T21:15:49.011Z,details,"https://maps.googleapis.com/maps/api/place/details/json?place_id=ChIJb-SPyBMddkgRZb2gke6CJBA&fields=...",6680,187,0.017,200
2025-10-18T21:16:19.082Z,photos,"https://maps.googleapis.com/maps/api/place/photo?maxwidth=1600&photoreference=AciIO2fumyJZBTU-l2awoI...",353,69,0.007,302
2025-10-18T21:16:49.221Z,details,"https://maps.googleapis.com/maps/api/place/details/json?place_id=ChIJRyXlH_AddkgRse-Pb_kbtnA&fields=...",7420,139,0.017,200
2025-10-18T21:17:19.269Z,photos,"https://maps.googleapis.com/maps/api/place/photo?maxwidth=1600&photoreference=AciIO2eVOcAZ6ghqA1Et5l...",407,45,0.007,302
2025-10-18T21:17:49.356Z,details,"https://maps.googleapis.com/maps/api/place/details/json?place_id=ChIJb1-G1asddkgRhTuIbjtu6so&fields=...",7080,85,0.017,200
2025-10-18T21:18:19.415Z,photos,"https://maps.googleapis.com/maps/api/place/photo?maxwidth=1600&photoreference=AciIO2cZsI1qGsnY2kMVim...",353,57,0.007,302
2025-10-18T21:18:49.545Z,details,"https://maps.googleapis.com/maps/api/place/details/json?place_id=ChIJy_2YuOccdkgRPLL1N4GamLg&fields=...",7523,128,0.017,200
2025-10-18T21:19:19.605Z,photos,"https://maps.googleapis.com/maps/api/place/photo?maxwidth=1600&photoreference=AciIO2e23ZRNQncaulDFU1...",406,58,0.007,302
2025-10-18T21:19:49.929Z,details,"https://maps.googleapis.com/maps/api/place/details/json?place_id=ChIJRbrWwx0ddkgR2TWYnmkTOsI&fields=...",7038,319,0.017,200
2025-10-18T21:20:19.994Z,photos,"https://maps.googleapis.com/maps/api/place/photo?maxwidth=1600&photoreference=AciIO2dWmIj4L0FPtCydWJ...",406,62,0.007,302
2025-10-18T21:20:50.114Z,details,"https://maps.googleapis.com/maps/api/place/details/json?place_id=ChIJ9-2lasoDdkgRDZBCTAcePMM&fields=...",7499,117,0.017,200
2025-10-18T21:21:20.186Z,photos,"https://maps.googleapis.com/maps/api/place/photo?maxwidth=1600&photoreference=AciIO2fC62hll1WA3WWJsA...",353,66,0.007,302
2025-10-18T21:21:50.298Z,details,"https://maps.googleapis.com/maps/api/place/details/json?place_id=ChIJj5YwFrcCdkgRZ7QcD-FJ2Zo&fields=...",7295,110,0.017,200
2025-10-18T21:22:20.368Z,photos,"https://maps.googleapis.com/maps/api/place/photo?maxwidth=1600&photoreference=AciIO2d80KnY3h7MChgBnD...",353,67,0.007,302
2025-10-18T21:22:50.472Z,details,"https://maps.googleapis.com/maps/api/place/details/json?place_id=ChIJkQ3E6swDdkgRuFY-iKFPZYU&fields=...",7232,101,0.017,200
2025-10-18T21:23:20.531Z,photos,"https://maps.googleapis.com/maps/api/place/photo?maxwidth=1600&photoreference=AciIO2fT1NvHXV76BWQ5XA...",353,57,0.007,302
2025-10-18T21:23:50.655Z,details,"https://maps.googleapis.com/maps/api/place/details/json?place_id=ChIJ8aPdVVYDdkgRdRSkKdBxxT8&fields=...",7015,123,0.017,200
2025-10-18T21:24:20.717Z,photos,"https://maps.googleapis.com/maps/api/place/photo?maxwidth=1600&photoreference=AciIO2fG5nbNXHCe566OIc...",353,60,0.007,302
2025-10-18T21:24:50.827Z,details,"https://maps.googleapis.com/maps/api/place/details/json?place_id=ChIJS88Y4XYDdkgRlZAq-Up2-EA&fields=...",7143,107,0.017,200
2025-10-18T21:25:20.889Z,photos,"https://maps.googleapis.com/maps/api/place/photo?maxwidth=1600&photoreference=AciIO2edoLmAeIMQMTAzn4...",406,60,0.007,302
2025-10-18T21:25:51.082Z,details,"https://maps.googleapis.com/maps/api/place/details/json?place_id=ChIJnS8vZLcCdkgRNd7ZYtNLRvc&fields=...",7294,190,0.017,200
2025-10-18T21:26:21.142Z,photos,"https://maps.googleapis.com/maps/api/place/photo?maxwidth=1600&photoreference=AciIO2f07hgJkbiHm4fXs3...",353,56,0.007,302
2025-10-18T21:26:51.227Z,details,"https://maps.googleapis.com/maps/api/place/details/json?place_id=ChIJ7UVli8kDdkgRk6lVYSjB2j8&fields=...",7372,83,0.017,200
2025-10-18T21:27:21.275Z,photos,"https://maps.googleapis.com/maps/api/place/photo?maxwidth=1600&photoreference=AciIO2f9cSgzKhMyZeGawp...",414,47,0.007,302
2025-10-18T21:27:51.367Z,details,"https://maps.googleapis.com/maps/api/place/details/json?place_id=ChIJJWh6bREddkgRTnEKoYklxQ0&fields=...",7479,88,0.017,200
2025-10-18T21:28:21.420Z,photos,"https://maps.googleapis.com/maps/api/place/photo?maxwidth=1600&photoreference=AciIO2cRObWT4VOCDOhZ0g...",406,50,0.007,302
2025-10-18T21:28:51.508Z,details,"https://maps.googleapis.com/maps/api/place/details/json?place_id=ChIJE_CikMkddkgRbLcLZUGQdIc&fields=...",7322,83,0.017,200
2025-10-18T21:29:21.581Z,photos,"https://maps.googleapis.com/maps/api/place/photo?maxwidth=1600&photoreference=AciIO2cuTQIcCG4K27L1Vh...",352,72,0.007,302
2025-10-18T21:29:51.660Z,details,"https://maps.googleapis.com/maps/api/place/details/json?place_id=ChIJ5fSjOH8ddkgRvod80zdKHX4&fields=...",6457,76,0.017,200
2025-10-18T21:30:21.727Z,photos,"https://maps.googleapis.com/maps/api/place/photo?maxwidth=1600&photoreference=AciIO2f9y8eOI2IOOu-y7L...",353,62,0.007,302
2025-10-18T21:30:51.861Z,details,"https://maps.googleapis.com/maps/api/place/details/json?place_id=ChIJEToy9sIddkgRncP6QR1_8V8&fields=...",7023,132,0.017,200
2025-10-18T21:31:21.921Z,photos,"https://maps.googleapis.com/maps/api/place/photo?maxwidth=1600&photoreference=AciIO2eu0jzlgr0P9MYjap...",353,58,0.007,302
2025-10-18T21:31:52.002Z,details,"https://maps.googleapis.com/maps/api/place/details/json?place_id=ChIJn6VISLcddkgR8rUrIiPcwm4&fields=...",7542,78,0.017,200
2025-10-18T21:32:22.060Z,photos,"https://maps.googleapis.com/maps/api/place/photo?maxwidth=1600&photoreference=AciIO2cYEz9go1FIhWN3hg...",404,57,0.007,302
2025-10-18T21:32:52.151Z,details,"https://maps.googleapis.com/maps/api/place/details/json?place_id=ChIJwe9v2vEddkgRLpYStMWnhyE&fields=...",6850,87,0.017,200
2025-10-18T21:33:22.217Z,photos,"https://maps.googleapis.com/maps/api/place/photo?maxwidth=1600&photoreference=AciIO2e-t-U3wmmdo_n5os...",353,64,0.007,302
2025-10-18T21:33:52.322Z,details,"https://maps.googleapis.com/maps/api/place/details/json?place_id=ChIJBd2HMkoddkgRzoWLCiVVXTM&fields=...",7103,103,0.017,200
2025-10-18T21:34:22.410Z,photos,"https://maps.googleapis.com/maps/api/place/photo?maxwidth=1600&photoreference=AciIO2dQZQLD14elF32v94...",353,86,0.007,302
2025-10-18T21:34:52.504Z,details,"https://maps.googleapis.com/maps/api/place/details/json?place_id=ChIJZTkmaY8ddkgRiD0eXbomnX4&fields=...",6180,91,0.017,200
2025-10-18T21:35:22.568Z,photos,"https://maps.googleapis.com/maps/api/place/photo?maxwidth=1600&photoreference=AciIO2dGn3mFWaNue-DLlZ...",353,61,0.007,302
2025-10-18T21:35:52.704Z,details,"https://maps.googleapis.com/maps/api/place/details/json?place_id=ChIJF61-eb4ddkgRrFUafJtvXNU&fields=...",7043,133,0.017,200
2025-10-18T21:36:22.766Z,photos,"https://maps.googleapis.com/maps/api/place/photo?maxwidth=1600&photoreference=AciIO2fumNglsL8swQOZx1...",352,61,0.007,302
2025-10-18T21:36:52.860Z,details,"https://maps.googleapis.com/maps/api/place/details/json?place_id=ChIJkcBWzzoddkgRfd1bNumTxgU&fields=...",6876,91,0.017,200
2025-10-18T21:37:22.911Z,photos,"https://maps.googleapis.com/maps/api/place/photo?maxwidth=1600&photoreference=AciIO2dj_pEk5g_RzWOiAC...",353,47,0.007,302
2025-10-18T21:37:53.030Z,details,"https://maps.googleapis.com/maps/api/place/details/json?place_id=ChIJ57uBPCYddkgRjXu0cc8M7cg&fields=...",7472,117,0.017,200
2025-10-18T21:38:23.087Z,photos,"https://maps.googleapis.com/maps/api/place/photo?maxwidth=1600&photoreference=AciIO2fhY8It5sy6aiUe9r...",404,55,0.007,302
2025-10-18T21:38:53.174Z,details,"https://maps.googleapis.com/maps/api/place/details/json?place_id=ChIJNen40OAddkgRtywjNq5Bxyw&fields=...",7031,86,0.017,200
2025-10-18T21:39:23.237Z,photos,"https://maps.googleapis.com/maps/api/place/photo?maxwidth=1600&photoreference=AciIO2fPp7gsAyCmhcw8co...",353,62,0.007,302
2025-10-18T21:39:53.319Z,details,"https://maps.googleapis.com/maps/api/place/details/json?place_id=ChIJITl1v34ddkgReDnQBXzgVJ0&fields=...",6596,81,0.017,200
2025-10-18T21:40:23.378Z,photos,"https://maps.googleapis.com/maps/api/place/photo?maxwidth=1600&photoreference=AciIO2eHr5xw5fkv0Dhl-S...",353,55,0.007,302
2025-10-18T21:40:53.534Z,details,"https://maps.googleapis.com/maps/api/place/details/json?place_id=ChIJ3Wl_FhAddkgRT-hgTdr34u4&fields=...",7373,152,0.017,200
2025-10-18T21:41:23.631Z,photos,"https://maps.googleapis.com/maps/api/place/photo?maxwidth=1600&photoreference=AciIO2cSP6AktPJLmrL42b...",353,96,0.007,302
2025-10-18T21:41:53.709Z,details,"https://maps.googleapis.com/maps/api/place/details/json?place_id=ChIJk1UIUHMFdkgR_epkE4g6r_s&fields=...",3808,77,0.017,200
2025-10-18T21:42:23.764Z,photos,"https://maps.googleapis.com/maps/api/place/photo?maxwidth=1600&photoreference=AciIO2eYMTXylk0qCOprIW...",406,53,0.007,302
2025-10-18T21:42:53.870Z,details,"https://maps.googleapis.com/maps/api/place/details/json?place_id=ChIJ6cztPjoddkgR6kKXH3DZKJU&fields=...",7023,105,0.017,200
2025-10-18T21:43:23.926Z,photos,"https://maps.googleapis.com/maps/api/place/photo?maxwidth=1600&photoreference=AciIO2eqG-pi23FpXKmYT_...",353,55,0.007,302
2025-10-18T21:43:54.010Z,details,"https://maps.googleapis.com/maps/api/place/details/json?place_id=ChIJcziDBzAddkgRupmsUb1kfR0&fields=...",6698,82,0.017,200
2025-10-18T21:44:24.073Z,photos,"https://maps.googleapis.com/maps/api/place/photo?maxwidth=1600&photoreference=AciIO2fUJCVIrvSVzhYXE6...",353,61,0.007,302
2025-10-18T21:44:54.164Z,details,"https://maps.googleapis.com/maps/api/place/details/json?place_id=ChIJg5LQeDAddkgRGFCbOmvIFdQ&fields=...",7297,88,0.017,200
2025-10-18T21:45:24.244Z,photos,"https://maps.googleapis.com/maps/api/place/photo?maxwidth=1600&photoreference=AciIO2e-b3I5ZeSxqV3WLq...",353,78,0.007,302
2025-10-18T21:45:54.358Z,details,"https://maps.googleapis.com/maps/api/place/details/json?place_id=ChIJE-oa0Z8ddkgRpOH74Fpx7Yg&fields=...",7090,111,0.017,200
2025-10-18T21:46:24.477Z,photos,"https://maps.googleapis.com/maps/api/place/photo?maxwidth=1600&photoreference=AciIO2f2Z6n922oZVm-uUo...",352,117,0.007,302
2025-10-18T21:46:54.586Z,details,"https://maps.googleapis.com/maps/api/place/details/json?place_id=ChIJtZ_YCiQddkgRFAxkub67BuU&fields=...",6351,107,0.017,200
2025-10-18T21:47:24.643Z,photos,"https://maps.googleapis.com/maps/api/place/photo?maxwidth=1600&photoreference=AciIO2fkyj9cm3s-l9lxk4...",353,54,0.007,302
2025-10-18T21:47:54.735Z,details,"https://maps.googleapis.com/maps/api/place/details/json?place_id=ChIJxdl-0q8ddkgRXhWONNSjL_0&fields=...",731,89,0.017,200
2025-10-18T21:48:24.800Z,photos,"https://maps.googleapis.com/maps/api/place/photo?maxwidth=1600&photoreference=AciIO2c45_rVtMCSwnkVto...",353,62,0.007,302
2025-10-18T21:48:54.893Z,details,"https://maps.googleapis.com/maps/api/place/details/json?place_id=ChIJuQBfkzEddkgRiBP_1cTkcEw&fields=...",6977,91,0.017,200
2025-10-18T21:49:24.955Z,photos,"https://maps.googleapis.com/maps/api/place/photo?maxwidth=1600&photoreference=AciIO2cvIWve5vYuwFB7Jl...",352,59,0.007,302
2025-10-18T21:49:55.044Z,details,"https://maps.googleapis.com/maps/api/place/details/json?place_id=ChIJ5bX5CQUddkgRbsZ3KeWfRqU&fields=...",6649,86,0.017,200
2025-10-18T21:50:25.105Z,photos,"https://maps.googleapis.com/maps/api/place/photo?maxwidth=1600&photoreference=AciIO2d1o3ljXuQpaJghjO...",353,60,0.007,302
2025-10-18T21:50:55.261Z,details,"https://maps.googleapis.com/maps/api/place/details/json?place_id=ChIJI5RnH7AddkgRhVhU7M7EqnA&fields=...",7406,155,0.017,200
2025-10-18T21:51:25.378Z,photos,"https://maps.googleapis.com/maps/api/place/photo?maxwidth=1600&photoreference=AciIO2eEWid5JXRwJ7MgbB...",407,114,0.007,302
2025-10-18T21:51:55.463Z,details,"https://maps.googleapis.com/maps/api/place/details/json?place_id=ChIJ-bGUv5QddkgRU_xbrDERBFk&fields=...",7305,82,0.017,200
2025-10-18T21:52:25.517Z,photos,"https://maps.googleapis.com/maps/api/place/photo?maxwidth=1600&photoreference=AciIO2cHtIImfN9FGlEaF4...",353,53,0.007,302
2025-10-18T21:52:55.592Z,details,"https://maps.googleapis.com/maps/api/place/details/json?place_id=ChIJIeuerDoddkgRkE2_CmAl6ac&fields=...",7154,71,0.017,200
2025-10-18T21:53:25.659Z,photos,"https://maps.googleapis.com/maps/api/place/photo?maxwidth=1600&photoreference=AciIO2cP9J1VWdxulHQWqt...",352,65,0.007,302
2025-10-18T21:53:55.747Z,details,"https://maps.googleapis.com/maps/api/place/details/json?place_id=ChIJ6Rtw4y8ddkgRRu_76KCg7rA&fields=...",7237,86,0.017,200
2025-10-18T21:54:25.812Z,photos,"https://maps.googleapis.com/maps/api/place/photo?maxwidth=1600&photoreference=AciIO2fdfUbd-rc9AHqGWe...",404,61,0.007,302
2025-10-18T21:54:55.946Z,details,"https://maps.googleapis.com/maps/api/place/details/json?place_id=ChIJ__9DodYcdkgRwakCe1G_Zlo&fields=...",7403,128,0.017,200
2025-10-18T21:55:26.035Z,photos,"https://maps.googleapis.com/maps/api/place/photo?maxwidth=1600&photoreference=AciIO2dYenak1usizaqmUp...",407,81,0.007,302
2025-10-18T21:55:56.155Z,details,"https://maps.googleapis.com/maps/api/place/details/json?place_id=ChIJ9X4lTCAddkgR7PKT-0DJCTM&fields=...",7417,118,0.017,200
2025-10-18T21:56:26.248Z,photos,"https://maps.googleapis.com/maps/api/place/photo?maxwidth=1600&photoreference=AciIO2fkgcYSF5iIjc2CML...",353,91,0.007,302
2025-10-18T21:56:56.345Z,details,"https://maps.googleapis.com/maps/api/place/details/json?place_id=ChIJP2V0UioddkgRqKR9RYs3TTI&fields=...",6600,91,0.017,200
2025-10-18T21:57:26.433Z,photos,"https://maps.googleapis.com/maps/api/place/photo?maxwidth=1600&photoreference=AciIO2cFGuOjq5p9lakzIh...",353,86,0.007,302
2025-10-18T21:57:56.521Z,details,"https://maps.googleapis.com/maps/api/place/details/json?place_id=ChIJMcu-75kddkgR3mkZsniu804&fields=...",6793,86,0.017,200
2025-10-18T21:58:26.582Z,photos,"https://maps.googleapis.com/maps/api/place/photo?maxwidth=1600&photoreference=AciIO2eIT_5E09VCIZY0T9...",353,56,0.007,302
2025-10-18T21:58:56.676Z,details,"https://maps.googleapis.com/maps/api/place/details/json?place_id=ChIJxTgMRXOn2EcRjEaCUCup5CY&fields=...",6870,90,0.017,200
2025-10-18T21:59:26.760Z,photos,"https://maps.googleapis.com/maps/api/place/photo?maxwidth=1600&photoreference=AciIO2fuk2mpFxB5chQgT5...",353,82,0.007,302
2025-10-18T21:59:56.861Z,details,"https://maps.googleapis.com/maps/api/place/details/json?place_id=ChIJH34mCcwIdkgRpg8p0AuOil0&fields=...",7529,98,0.017,200
2025-10-18T22:00:26.922Z,photos,"https://maps.googleapis.com/maps/api/place/photo?maxwidth=1600&photoreference=AciIO2d_8kBtYpHZD7Pfm9...",407,60,0.007,302
2025-10-18T22:00:57.106Z,details,"https://maps.googleapis.com/maps/api/place/details/json?place_id=ChIJ22TU7OMddkgRa0dhFh03C8M&fields=...",6889,179,0.017,200
2025-10-18T22:01:27.205Z,photos,"https://maps.googleapis.com/maps/api/place/photo?maxwidth=1600&photoreference=AciIO2cFf9WqwMGPDIuAKC...",353,97,0.007,302
2025-10-18T22:01:57.291Z,details,"https://maps.googleapis.com/maps/api/place/details/json?place_id=ChIJ138R_IWn2EcRLp0xjNAKtoI&fields=...",7163,84,0.017,200
2025-10-18T22:02:27.351Z,photos,"https://maps.googleapis.com/maps/api/place/photo?maxwidth=1600&photoreference=AciIO2cBLTAxTJTXMJaIWT...",353,58,0.007,302
2025-10-18T22:02:57.433Z,details,"https://maps.googleapis.com/maps/api/place/details/json?place_id=ChIJqz3d50kddkgRREXHFFXUSTc&fields=...",7525,80,0.017,200
2025-10-18T22:03:27.488Z,photos,"https://maps.googleapis.com/maps/api/place/photo?maxwidth=1600&photoreference=AciIO2ct87tMHbgYBVpyfz...",407,53,0.007,302
2025-10-18T22:03:57.571Z,details,"https://maps.googleapis.com/maps/api/place/details/json?place_id=ChIJM2PeVUCn2EcR-qrUskbw6-c&fields=...",7352,80,0.017,200
2025-10-18T22:04:27.632Z,photos,"https://maps.googleapis.com/maps/api/place/photo?maxwidth=1600&photoreference=AciIO2ffxR4Pt3qfu3XxYh...",407,58,0.007,302
2025-10-18T22:04:57.767Z,details,"https://maps.googleapis.com/maps/api/place/details/json?place_id=ChIJi64XxY-n2EcRmWXz2F5wvbo&fields=...",7379,132,0.017,200
2025-10-18T22:05:27.866Z,photos,"https://maps.googleapis.com/maps/api/place/photo?maxwidth=1600&photoreference=AciIO2c5X-eSAeT4VeCgqc...",407,95,0.007,302
2025-10-18T22:05:58.004Z,details,"https://maps.googleapis.com/maps/api/place/details/json?place_id=ChIJI15BTT4ddkgRKuOlU11pmVo&fields=...",7064,135,0.017,200
2025-10-18T22:06:28.096Z,photos,"https://maps.googleapis.com/maps/api/place/photo?maxwidth=1600&photoreference=AciIO2dfHiFnwgDXr63Auj...",352,89,0.007,302
2025-10-18T22:06:58.219Z,details,"https://maps.googleapis.com/maps/api/place/details/json?place_id=ChIJ6Xeq2GEddkgRnn0j00ots9k&fields=...",7376,118,0.017,200
2025-10-18T22:07:28.272Z,photos,"https://maps.googleapis.com/maps/api/place/photo?maxwidth=1600&photoreference=AciIO2eG7m2B9m806ynW-Q...",404,49,0.007,302
2025-10-18T22:07:58.393Z,details,"https://maps.googleapis.com/maps/api/place/details/json?place_id=ChIJjwAXPdIcdkgRyYRetAjUw6o&fields=...",7461,119,0.017,200
2025-10-18T22:08:28.453Z,photos,"https://maps.googleapis.com/maps/api/place/photo?maxwidth=1600&photoreference=AciIO2em7yIm-tZAAvbHX7...",406,58,0.007,302
2025-10-18T22:08:58.539Z,details,"https://maps.googleapis.com/maps/api/place/details/json?place_id=ChIJq6odX8wcdkgRqVYcaETxpsM&fields=...",7369,82,0.017,200
2025-10-18T22:09:28.598Z,photos,"https://maps.googleapis.com/maps/api/place/photo?maxwidth=1600&photoreference=AciIO2ct_iPw6l4Ay6yai2...",352,56,0.007,302
2025-10-18T22:09:58.715Z,details,"https://maps.googleapis.com/maps/api/place/details/json?place_id=ChIJzXa77swcdkgRoa8SBTv-wvE&fields=...",7127,115,0.017,200
2025-10-18T22:10:28.836Z,photos,"https://maps.googleapis.com/maps/api/place/photo?maxwidth=1600&photoreference=AciIO2d4N3kjsX8qP5r3wS...",353,119,0.007,302
2025-10-18T22:10:58.946Z,details,"https://maps.googleapis.com/maps/api/place/details/json?place_id=ChIJ-avbTzAddkgR3mAPIJ3USz8&fields=...",6802,108,0.017,200
2025-10-18T22:11:29.035Z,photos,"https://maps.googleapis.com/maps/api/place/photo?maxwidth=1600&photoreference=AciIO2chm-zeuyEf7JIQSr...",353,86,0.007,302
2025-10-18T22:11:59.140Z,details,"https://maps.googleapis.com/maps/api/place/details/json?place_id=ChIJ6ejhxs0cdkgR5B5LSZP8lfE&fields=...",7384,117,0.017,200
2025-10-18T22:12:29.205Z,photos,"https://maps.googleapis.com/maps/api/place/photo?maxwidth=1600&photoreference=AciIO2c9w9X-nkJQTgmp70...",352,70,0.007,302
2025-10-18T22:12:59.317Z,details,"https://maps.googleapis.com/maps/api/place/details/json?place_id=ChIJD6Tke8wcdkgRzMG_FeBBhqw&fields=...",7512,110,0.017,200
2025-10-18T22:13:29.425Z,photos,"https://maps.googleapis.com/maps/api/place/photo?maxwidth=1600&photoreference=AciIO2dy6fKHimjupsEw08...",407,106,0.007,302
2025-10-18T22:13:59.562Z,details,"https://maps.googleapis.com/maps/api/place/details/json?place_id=ChIJ930IItYcdkgRwh4SCpfv3a4&fields=...",7538,135,0.017,200
2025-10-18T22:14:29.649Z,photos,"https://maps.googleapis.com/maps/api/place/photo?maxwidth=1600&photoreference=AciIO2c-a1ABhFji3HUzHi...",407,85,0.007,302
2025-10-18T22:14:59.780Z,details,"https://maps.googleapis.com/maps/api/place/details/json?place_id=ChIJkSmuDHoddkgRWGDHcu410pg&fields=...",7305,129,0.017,200
2025-10-18T22:15:29.888Z,photos,"https://maps.googleapis.com/maps/api/place/photo?maxwidth=1600&photoreference=AciIO2fmv3CrHbDPrGtcYi...",353,104,0.007,302
2025-10-18T22:16:00.017Z,details,"https://maps.googleapis.com/maps/api/place/details/json?place_id=ChIJQaRU_LIcdkgREVqcD3Bf3gs&fields=...",6961,124,0.017,200
2025-10-18T22:16:30.086Z,photos,"https://maps.googleapis.com/maps/api/place/photo?maxwidth=1600&photoreference=AciIO2ft5S5-RLH-9xSdzW...",353,67,0.007,302
2025-10-18T22:17:00.221Z,details,"https://maps.googleapis.com/maps/api/place/details/json?place_id=ChIJM2nE97IcdkgRR7nvciwgIWY&fields=...",6903,132,0.017,200
2025-10-18T22:17:30.307Z,photos,"https://maps.googleapis.com/maps/api/place/photo?maxwidth=1600&photoreference=AciIO2d7FoBMVytBH7HPIL...",353,84,0.007,302
2025-10-18T22:18:00.414Z,details,"https://maps.googleapis.com/maps/api/place/details/json?place_id=ChIJnf2ddDUddkgRmCFZkJ7bxtY&fields=...",7335,106,0.017,200
2025-10-18T22:18:30.523Z,photos,"https://maps.googleapis.com/maps/api/place/photo?maxwidth=1600&photoreference=AciIO2c4rJ601ZOmeTjmeO...",406,108,0.007,302
2025-10-18T22:19:00.647Z,details,"https://maps.googleapis.com/maps/api/place/details/json?place_id=ChIJtWbmjbIcdkgR6OQl0Fsqm6U&fields=...",7271,122,0.017,200
2025-10-18T22:19:30.771Z,photos,"https://maps.googleapis.com/maps/api/place/photo?maxwidth=1600&photoreference=AciIO2dFynQquPmJkEykqf...",353,122,0.007,302
2025-10-18T22:20:00.882Z,details,"https://maps.googleapis.com/maps/api/place/details/json?place_id=ChIJ_0dDsFIDdkgRWrWzN4O2yCQ&fields=...",7513,108,0.017,200
2025-10-18T22:20:31.185Z,photos,"https://maps.googleapis.com/maps/api/place/photo?maxwidth=1600&photoreference=AciIO2fmZr5VTAiniH1ldF...",353,302,0.007,302
2025-10-18T22:21:01.289Z,details,"https://maps.googleapis.com/maps/api/place/details/json?place_id=ChIJ97jvuq0cdkgRkLC8qOE5f-k&fields=...",6856,103,0.017,200
2025-10-18T22:21:31.355Z,photos,"https://maps.googleapis.com/maps/api/place/photo?maxwidth=1600&photoreference=AciIO2cQ6PZAC-1mdMbHcW...",353,64,0.007,302
2025-10-18T22:22:01.484Z,details,"https://maps.googleapis.com/maps/api/place/details/json?place_id=ChIJZ2JbzLIcdkgRv2bN0-1tHoo&fields=...",7225,127,0.017,200
2025-10-18T22:22:31.537Z,photos,"https://maps.googleapis.com/maps/api/place/photo?maxwidth=1600&photoreference=AciIO2cbOzKOS8P-ZULPfj...",353,50,0.007,302
2025-10-18T22:23:01.665Z,details,"https://maps.googleapis.com/maps/api/place/details/json?place_id=ChIJGQYOZK0cdkgRFTkB1_nIObE&fields=...",7349,125,0.017,200
2025-10-18T22:23:31.776Z,photos,"https://maps.googleapis.com/maps/api/place/photo?maxwidth=1600&photoreference=AciIO2fulBREcCjqrAiHNz...",353,110,0.007,302
2025-10-18T22:24:01.870Z,details,"https://maps.googleapis.com/maps/api/place/details/json?place_id=ChIJKdCtWpsddkgRWDc28IO_Lr8&fields=...",6838,92,0.017,200
2025-10-18T22:24:31.957Z,photos,"https://maps.googleapis.com/maps/api/place/photo?maxwidth=1600&photoreference=AciIO2eh09Nups2KNQYFhw...",353,86,0.007,302
2025-10-18T22:25:02.055Z,details,"https://maps.googleapis.com/maps/api/place/details/json?place_id=ChIJpyikXVwddkgRUsUTva-SGR4&fields=...",7324,96,0.017,200
2025-10-18T22:25:32.157Z,photos,"https://maps.googleapis.com/maps/api/place/photo?maxwidth=1600&photoreference=AciIO2dDOgOsXGVLhHj0S6...",353,102,0.007,302
2025-10-18T22:26:02.279Z,details,"https://maps.googleapis.com/maps/api/place/details/json?place_id=ChIJe4wW87IcdkgR6cYhbVDh9hg&fields=...",7350,120,0.017,200
2025-10-18T22:26:32.381Z,photos,"https://maps.googleapis.com/maps/api/place/photo?maxwidth=1600&photoreference=AciIO2cAU6XemfhLcGYGXZ...",353,100,0.007,302
2025-10-18T22:27:02.481Z,details,"https://maps.googleapis.com/maps/api/place/details/json?place_id=ChIJxRQ0_7EcdkgR_JyyiZInZ2k&fields=...",7157,98,0.017,200
2025-10-18T22:27:32.556Z,photos,"https://maps.googleapis.com/maps/api/place/photo?maxwidth=1600&photoreference=AciIO2ft-foKhBf6VlUhgZ...",353,74,0.007,302
2025-10-18T22:28:02.656Z,details,"https://maps.googleapis.com/maps/api/place/details/json?place_id=ChIJt_-AsLMcdkgRXhew6jbS4UY&fields=...",6367,99,0.017,200
2025-10-18T22:28:32.742Z,photos,"https://maps.googleapis.com/maps/api/place/photo?maxwidth=1600&photoreference=AciIO2ekDmTiFP1XLAjHPo...",353,85,0.007,302
2025-10-18T22:29:02.848Z,details,"https://maps.googleapis.com/maps/api/place/details/json?place_id=ChIJYyRZxK0cdkgRBX8KxMbRsaE&fields=...",7298,104,0.017,200
2025-10-18T22:29:32.947Z,photos,"https://maps.googleapis.com/maps/api/place/photo?maxwidth=1600&photoreference=AciIO2dSHU5hArIkARXLjW...",353,94,0.007,302
2025-10-18T22:30:03.055Z,details,"https://maps.googleapis.com/maps/api/place/details/json?place_id=ChIJGS7Sga0cdkgR46nd-S661TM&fields=...",6995,105,0.017,200
2025-10-18T22:30:33.389Z,photos,"https://maps.googleapis.com/maps/api/place/photo?maxwidth=1600&photoreference=AciIO2cAi3dF5ATOn4NBJa...",406,333,0.007,302
2025-10-18T22:31:03.483Z,details,"https://maps.googleapis.com/maps/api/place/details/json?place_id=ChIJQSZCDbMcdkgRcDzj1d_BxwI&fields=...",7303,90,0.017,200
2025-10-18T22:31:33.542Z,photos,"https://maps.googleapis.com/maps/api/place/photo?maxwidth=1600&photoreference=AciIO2eDH_96oAGCpLbA7B...",352,58,0.007,302
2025-10-18T22:32:03.672Z,details,"https://maps.googleapis.com/maps/api/place/details/json?place_id=ChIJtWbmjbIcdkgRdJDWp0c4NaQ&fields=...",7160,128,0.017,200
2025-10-18T22:32:33.729Z,photos,"https://maps.googleapis.com/maps/api/place/photo?maxwidth=1600&photoreference=AciIO2eyBG3sSw4D2XBHP0...",353,53,0.007,302
2025-10-18T22:33:03.878Z,details,"https://maps.googleapis.com/maps/api/place/details/json?place_id=ChIJhYl9pmEddkgRW0P1ab1-uhw&fields=...",7522,143,0.017,200
2025-10-18T22:33:34.017Z,photos,"https://maps.googleapis.com/maps/api/place/photo?maxwidth=1600&photoreference=AciIO2dkhuX5o8WZiwYYcF...",407,137,0.007,302
2025-10-18T22:34:04.178Z,details,"https://maps.googleapis.com/maps/api/place/details/json?place_id=ChIJK8jYvoqm2EcRBQCTrvUgvCw&fields=...",7411,158,0.017,200
2025-10-18T22:34:34.266Z,photos,"https://maps.googleapis.com/maps/api/place/photo?maxwidth=1600&photoreference=AciIO2cnmdYfDl1390c6Fc...",353,87,0.007,302
2025-10-18T22:35:04.376Z,details,"https://maps.googleapis.com/maps/api/place/details/json?place_id=ChIJQTvNNwCn2EcRQvdFUc4Nt_o&fields=...",7081,108,0.017,200
2025-10-18T22:35:34.470Z,photos,"https://maps.googleapis.com/maps/api/place/photo?maxwidth=1600&photoreference=AciIO2eszw_cH9b5oX2nFB...",353,92,0.007,302
2025-10-18T22:36:04.620Z,details,"https://maps.googleapis.com/maps/api/place/details/json?place_id=ChIJHSfTe8mn2EcRkfT8MQnac-Q&fields=...",6758,149,0.017,200
2025-10-18T22:36:34.692Z,photos,"https://maps.googleapis.com/maps/api/place/photo?maxwidth=1600&photoreference=AciIO2dxgjl6h9tygZq2fA...",353,70,0.007,302
2025-10-18T22:37:04.783Z,details,"https://maps.googleapis.com/maps/api/place/details/json?place_id=ChIJN2D6hT2n2EcRddOgM3zlYf0&fields=...",718,89,0.017,200
2025-10-18T22:37:34.946Z,photos,"https://maps.googleapis.com/maps/api/place/photo?maxwidth=1600&photoreference=AciIO2d180pvkr834DVyjf...",353,161,0.007,302
2025-10-18T22:38:05.058Z,details,"https://maps.googleapis.com/maps/api/place/details/json?place_id=ChIJJcsgK6On2EcRSvUiu5WiigE&fields=...",7508,112,0.017,200
2025-10-18T22:38:35.210Z,photos,"https://maps.googleapis.com/maps/api/place/photo?maxwidth=1600&photoreference=AciIO2eAfs-oUTtHYPDDkt...",414,149,0.007,302
2025-10-18T22:39:05.324Z,details,"https://maps.googleapis.com/maps/api/place/details/json?place_id=ChIJ6ety2_Sm2EcRP9Ha0mLYSSA&fields=...",7430,112,0.017,200
2025-10-18T22:39:35.416Z,photos,"https://maps.googleapis.com/maps/api/place/photo?maxwidth=1600&photoreference=AciIO2ezXtiE2n6J34veAJ...",406,91,0.007,302
2025-10-18T22:40:05.506Z,details,"https://maps.googleapis.com/maps/api/place/details/json?place_id=ChIJ6fzJA5an2EcREa9wwnvHNHc&fields=...",7154,87,0.017,200
2025-10-18T22:40:35.694Z,photos,"https://maps.googleapis.com/maps/api/place/photo?maxwidth=1600&photoreference=AciIO2dWuaWsqR90-tUnNj...",353,185,0.007,302
2025-10-18T22:41:05.793Z,details,"https://maps.googleapis.com/maps/api/place/details/json?place_id=ChIJiXAOz_Sm2EcRQS_8NDWyEac&fields=...",7415,96,0.017,200
2025-10-18T22:41:35.880Z,photos,"https://maps.googleapis.com/maps/api/place/photo?maxwidth=1600&photoreference=AciIO2cjopW4eMvsBqED_4...",407,82,0.007,302
2025-10-18T22:42:05.981Z,details,"https://maps.googleapis.com/maps/api/place/details/json?place_id=ChIJ65yQTOqm2EcRZffVP9cAyrk&fields=...",7011,98,0.017,200
2025-10-18T22:42:36.083Z,photos,"https://maps.googleapis.com/maps/api/place/photo?maxwidth=1600&photoreference=AciIO2dNj0BITIdsnOQX0g...",353,101,0.007,302
2025-10-18T22:43:06.208Z,details,"https://maps.googleapis.com/maps/api/place/details/json?place_id=ChIJAatVZmCm2EcRvKZXd8tVjAk&fields=...",7108,124,0.017,200
2025-10-18T22:43:36.339Z,photos,"https://maps.googleapis.com/maps/api/place/photo?maxwidth=1600&photoreference=AciIO2cTbWpMoCH50NsHuZ...",353,130,0.007,302
2025-10-18T22:44:06.456Z,details,"https://maps.googleapis.com/maps/api/place/details/json?place_id=ChIJG6ukhBkFdkgRvuYBp5E-YqU&fields=...",7057,115,0.017,200
2025-10-18T22:44:36.525Z,photos,"https://maps.googleapis.com/maps/api/place/photo?maxwidth=1600&photoreference=AciIO2e_nG4xVZOvR0HLUB...",353,68,0.007,302
2025-10-18T22:45:06.655Z,details,"https://maps.googleapis.com/maps/api/place/details/json?place_id=ChIJGeoNBroCdkgRUj_8x5Ng0Kw&fields=...",6863,127,0.017,200
2025-10-18T22:45:36.802Z,photos,"https://maps.googleapis.com/maps/api/place/photo?maxwidth=1600&photoreference=AciIO2fwILw3VvCq3KOO1K...",353,146,0.007,302
2025-10-18T22:46:06.946Z,details,"https://maps.googleapis.com/maps/api/place/details/json?place_id=ChIJ9Zhc47sCdkgRizK3QllZwKU&fields=...",7259,140,0.017,200
2025-10-18T22:46:37.037Z,photos,"https://maps.googleapis.com/maps/api/place/photo?maxwidth=1600&photoreference=AciIO2dw94YEYc26dD1jaL...",353,89,0.007,302
2025-10-18T22:47:07.146Z,details,"https://maps.googleapis.com/maps/api/place/details/json?place_id=ChIJSxmw_XoddkgRZkNuuzDpEjU&fields=...",7305,108,0.017,200
2025-10-18T22:47:37.221Z,photos,"https://maps.googleapis.com/maps/api/place/photo?maxwidth=1600&photoreference=AciIO2fXHFitq16edAZfiw...",353,73,0.007,302
2025-10-18T22:48:07.348Z,details,"https://maps.googleapis.com/maps/api/place/details/json?place_id=ChIJeQhEcNscdkgRI-wilgWDFJo&fields=...",7515,126,0.017,200
2025-10-18T22:48:37.450Z,photos,"https://maps.googleapis.com/maps/api/place/photo?maxwidth=1600&photoreference=AciIO2cJWAiNBltmUOQ1os...",407,100,0.007,302
2025-10-18T22:49:07.557Z,details,"https://maps.googleapis.com/maps/api/place/details/json?place_id=ChIJDQPLksQcdkgRGrfx75i-NWk&fields=...",6725,105,0.017,200
2025-10-18T22:49:37.620Z,photos,"https://maps.googleapis.com/maps/api/place/photo?maxwidth=1600&photoreference=AciIO2febUHo6CpGHfyNXj...",353,60,0.007,302
2025-10-18T22:50:07.749Z,details,"https://maps.googleapis.com/maps/api/place/details/json?place_id=ChIJxyiEh20ddkgRfNr0xkICPcI&fields=...",7398,128,0.017,200
2025-10-18T22:50:37.835Z,photos,"https://maps.googleapis.com/maps/api/place/photo?maxwidth=1600&photoreference=AciIO2fqyF4fqqfW1mwVdr...",353,85,0.007,302
2025-10-18T22:51:07.928Z,details,"https://maps.googleapis.com/maps/api/place/details/json?place_id=ChIJE0yR62AddkgR9xxX5YYw1os&fields=...",7161,92,0.017,200
2025-10-18T22:51:37.991Z,photos,"https://maps.googleapis.com/maps/api/place/photo?maxwidth=1600&photoreference=AciIO2fCiIhFRAa2wdSwtV...",353,60,0.007,302
2025-10-18T22:52:08.084Z,details,"https://maps.googleapis.com/maps/api/place/details/json?place_id=ChIJuXLsCdkcdkgRd_NJhitfSOo&fields=...",7309,90,0.017,200
2025-10-18T22:52:38.155Z,photos,"https://maps.googleapis.com/maps/api/place/photo?maxwidth=1600&photoreference=AciIO2eViAQSBIBBIr5Tgp...",352,70,0.007,302
2025-10-18T22:53:08.250Z,details,"https://maps.googleapis.com/maps/api/place/details/json?place_id=ChIJyyDuF9AcdkgRqz72ymhxrWw&fields=...",6331,91,0.017,200
2025-10-18T22:53:38.333Z,photos,"https://maps.googleapis.com/maps/api/place/photo?maxwidth=1600&photoreference=AciIO2fanbWtaGrFa7EnZQ...",353,83,0.007,302
2025-10-18T22:54:08.433Z,details,"https://maps.googleapis.com/maps/api/place/details/json?place_id=ChIJQyKhCrccdkgRaErcSOFPALY&fields=...",7171,98,0.017,200
2025-10-18T22:54:38.525Z,photos,"https://maps.googleapis.com/maps/api/place/photo?maxwidth=1600&photoreference=AciIO2dH-YyWcjwt6sMBA9...",406,89,0.007,302
2025-10-18T22:55:08.668Z,details,"https://maps.googleapis.com/maps/api/place/details/json?place_id=ChIJg9wRuaUddkgR7isrN0PRk2U&fields=...",7374,141,0.017,200
2025-10-18T22:55:38.744Z,photos,"https://maps.googleapis.com/maps/api/place/photo?maxwidth=1600&photoreference=AciIO2eOnB-GlgEUzdOxoW...",353,73,0.007,302
2025-10-18T22:56:08.867Z,details,"https://maps.googleapis.com/maps/api/place/details/json?place_id=ChIJO6gsJ9YcdkgRN2GmWfdJ9Ik&fields=...",7554,123,0.017,200
2025-10-18T22:56:38.934Z,photos,"https://maps.googleapis.com/maps/api/place/photo?maxwidth=1600&photoreference=AciIO2c_-bbhQV9gbpQgk7...",407,65,0.007,302
2025-10-18T22:57:09.028Z,details,"https://maps.googleapis.com/maps/api/place/details/json?place_id=ChIJ_4yD8KIddkgR8ZQC3MBjGos&fields=...",7599,92,0.017,200
2025-10-18T22:57:39.088Z,photos,"https://maps.googleapis.com/maps/api/place/photo?maxwidth=1600&photoreference=AciIO2f5sursmFTJhVbVne...",414,57,0.007,302
2025-10-18T22:58:09.170Z,details,"https://maps.googleapis.com/maps/api/place/details/json?place_id=ChIJf0QUHQAddkgRLiCe0towDVA&fields=...",7550,80,0.017,200
2025-10-18T22:58:39.299Z,photos,"https://maps.googleapis.com/maps/api/place/photo?maxwidth=1600&photoreference=AciIO2fYtE3QeFDywdLrMN...",414,127,0.007,302
2025-10-18T22:59:09.424Z,details,"https://maps.googleapis.com/maps/api/place/details/json?place_id=ChIJVysPss6n2EcRkYHwLKQwFrc&fields=...",7173,122,0.017,200
2025-10-18T22:59:39.500Z,photos,"https://maps.googleapis.com/maps/api/place/photo?maxwidth=1600&photoreference=AciIO2efXug6Vnbnas3A00...",406,74,0.007,302
2025-10-18T23:00:09.635Z,details,"https://maps.googleapis.com/maps/api/place/details/json?place_id=ChIJEynsh7gddkgRfR_Tdf3cvhU&fields=...",6447,133,0.017,200
2025-10-18T23:00:39.694Z,photos,"https://maps.googleapis.com/maps/api/place/photo?maxwidth=1600&photoreference=AciIO2deiTIbpfm9RY2SHd...",353,59,0.007,302
2025-10-18T23:01:09.825Z,details,"https://maps.googleapis.com/maps/api/place/details/json?place_id=ChIJm6k7-9Cn2EcRJyy0-mhwiO8&fields=...",6634,127,0.017,200
2025-10-18T23:01:39.930Z,photos,"https://maps.googleapis.com/maps/api/place/photo?maxwidth=1600&photoreference=AciIO2cTgAYQb6kIDx-GWF...",353,102,0.007,302
2025-10-18T23:02:10.063Z,details,"https://maps.googleapis.com/maps/api/place/details/json?place_id=ChIJH9U34M-n2EcRiLJKVMQTqBI&fields=...",7008,131,0.017,200
2025-10-18T23:02:40.129Z,photos,"https://maps.googleapis.com/maps/api/place/photo?maxwidth=1600&photoreference=AciIO2c_b5sAG1vgbQokD5...",352,63,0.007,302
2025-10-18T23:03:10.229Z,details,"https://maps.googleapis.com/maps/api/place/details/json?place_id=ChIJDRfFrUOn2EcRLcha7Mx1xek&fields=...",6626,97,0.017,200
2025-10-18T23:03:40.326Z,photos,"https://maps.googleapis.com/maps/api/place/photo?maxwidth=1600&photoreference=AciIO2ezFSS0H1hQ00f_ro...",353,97,0.007,302
2025-10-18T23:04:10.423Z,details,"https://maps.googleapis.com/maps/api/place/details/json?place_id=ChIJK2J8xOin2EcR04p-LG_dncA&fields=...",7552,93,0.017,200
2025-10-18T23:04:40.484Z,photos,"https://maps.googleapis.com/maps/api/place/photo?maxwidth=1600&photoreference=AciIO2fMa10SdSTmNaiRgU...",414,60,0.007,302
2025-10-18T23:05:10.621Z,details,"https://maps.googleapis.com/maps/api/place/details/json?place_id=ChIJN3JGQyGn2EcRhpZvseln3eY&fields=...",7411,135,0.017,200
2025-10-18T23:05:40.682Z,photos,"https://maps.googleapis.com/maps/api/place/photo?maxwidth=1600&photoreference=AciIO2eO5TtCZAFAGqSIfb...",406,58,0.007,302
2025-10-18T23:06:10.775Z,details,"https://maps.googleapis.com/maps/api/place/details/json?place_id=ChIJVzPXnvkddkgRpkUlgF6HGJ8&fields=...",6323,90,0.017,200
2025-10-18T23:06:40.835Z,photos,"https://maps.googleapis.com/maps/api/place/photo?maxwidth=1600&photoreference=AciIO2fatvUEaiQAIJ7yjE...",353,59,0.007,302
2025-10-18T23:07:10.925Z,details,"https://maps.googleapis.com/maps/api/place/details/json?place_id=ChIJ3YPlAlUddkgRtEoLZMXCjwE&fields=...",7167,88,0.017,200
2025-10-18T23:07:40.991Z,photos,"https://maps.googleapis.com/maps/api/place/photo?maxwidth=1600&photoreference=AciIO2eLDpllVptcazaaox...",353,65,0.007,302
2025-10-18T23:08:11.084Z,details,"https://maps.googleapis.com/maps/api/place/details/json?place_id=ChIJkzq7dlwddkgRBrIMQANJaDQ&fields=...",7377,92,0.017,200
2025-10-18T23:08:41.172Z,photos,"https://maps.googleapis.com/maps/api/place/photo?maxwidth=1600&photoreference=AciIO2cWKlLmDjizELkVTI...",406,86,0.007,302
2025-10-18T23:09:11.273Z,details,"https://maps.googleapis.com/maps/api/place/details/json?place_id=ChIJYaw4TIKn2EcRRbPGzaXcD9E&fields=...",7495,96,0.017,200
2025-10-18T23:09:41.385Z,photos,"https://maps.googleapis.com/maps/api/place/photo?maxwidth=1600&photoreference=AciIO2fZzgBx8P0h4Lllk8...",406,111,0.007,302
2025-10-18T23:10:11.558Z,details,"https://maps.googleapis.com/maps/api/place/details/json?place_id=ChIJS0P_0TwddkgR7Ksa4U9jcnU&fields=...",7403,170,0.017,200
2025-10-18T23:10:41.633Z,photos,"https://maps.googleapis.com/maps/api/place/photo?maxwidth=1600&photoreference=AciIO2dpyPONWirKaF7ZFB...",406,73,0.007,302
2025-10-18T23:11:11.737Z,details,"https://maps.googleapis.com/maps/api/place/details/json?place_id=ChIJc_6S-qYddkgRjUEzH-PpF1M&fields=...",6532,101,0.017,200
2025-10-18T23:11:41.816Z,photos,"https://maps.googleapis.com/maps/api/place/photo?maxwidth=1600&photoreference=AciIO2fkJBEO9J9KiUm_A0...",353,76,0.007,302
2025-10-18T23:12:11.902Z,details,"https://maps.googleapis.com/maps/api/place/details/json?place_id=ChIJT8_jRQCn2EcRhcz92CwApEU&fields=...",7595,83,0.017,200
2025-10-18T23:12:41.982Z,photos,"https://maps.googleapis.com/maps/api/place/photo?maxwidth=1600&photoreference=AciIO2c8rvFeZ6Ou8r1nnc...",414,79,0.007,302
2025-10-18T23:13:12.083Z,details,"https://maps.googleapis.com/maps/api/place/details/json?place_id=ChIJa5_U5A4ddkgRb07zNu7a9ZU&fields=...",6482,98,0.017,200
2025-10-18T23:13:42.168Z,photos,"https://maps.googleapis.com/maps/api/place/photo?maxwidth=1600&photoreference=AciIO2eV4Vr2rlrsXa-GRf...",353,84,0.007,302
2025-10-18T23:14:12.273Z,details,"https://maps.googleapis.com/maps/api/place/details/json?place_id=ChIJa69CYEym2EcR5v5oUYKnOTo&fields=...",7608,102,0.017,200
2025-10-18T23:14:42.333Z,photos,"https://maps.googleapis.com/maps/api/place/photo?maxwidth=1600&photoreference=AciIO2dgjNpwB9ZR7JRtxE...",414,58,0.007,302
2025-10-18T23:15:12.485Z,details,"https://maps.googleapis.com/maps/api/place/details/json?place_id=ChIJa1ewedQddkgR5e4hU6WCqZc&fields=...",6300,148,0.017,200
2025-10-18T23:15:42.543Z,photos,"https://maps.googleapis.com/maps/api/place/photo?maxwidth=1600&photoreference=AciIO2ez3aFGXnmyCYtkp3...",352,53,0.007,302
2025-10-18T23:16:12.628Z,details,"https://maps.googleapis.com/maps/api/place/details/json?place_id=ChIJsy3x0YsddkgRJRpC3fjuxS8&fields=...",6503,83,0.017,200
2025-10-18T23:16:42.691Z,photos,"https://maps.googleapis.com/maps/api/place/photo?maxwidth=1600&photoreference=AciIO2cRCePURVnSyBJCnT...",353,62,0.007,302
2025-10-18T23:17:12.776Z,details,"https://maps.googleapis.com/maps/api/place/details/json?place_id=ChIJ6UFhKDan2EcRI8cyTbu__aU&fields=...",7121,83,0.017,200
2025-10-18T23:17:42.865Z,photos,"https://maps.googleapis.com/maps/api/place/photo?maxwidth=1600&photoreference=AciIO2f5tYPcZm-U3wCx27...",353,88,0.007,302
2025-10-18T23:18:12.971Z,details,"https://maps.googleapis.com/maps/api/place/details/json?place_id=ChIJ9zY5yFEDdkgRv_I5TEuh-Xo&fields=...",7059,100,0.017,200
2025-10-18T23:18:43.059Z,photos,"https://maps.googleapis.com/maps/api/place/photo?maxwidth=1600&photoreference=AciIO2f8wlhHqBwsQeOe8g...",353,86,0.007,302
2025-10-18T23:19:13.146Z,details,"https://maps.googleapis.com/maps/api/place/details/json?place_id=ChIJt4yIR7in2EcR0OOFPa68pQQ&fields=...",7428,86,0.017,200
2025-10-18T23:19:43.231Z,photos,"https://maps.googleapis.com/maps/api/place/photo?maxwidth=1600&photoreference=AciIO2epxo_k04r2QUfiWR...",353,84,0.007,302
2025-10-18T23:20:13.343Z,details,"https://maps.googleapis.com/maps/api/place/details/json?place_id=ChIJzSA_fnoddkgRJxac6922o7M&fields=...",6280,107,0.017,200
2025-10-18T23:20:43.411Z,photos,"https://maps.googleapis.com/maps/api/place/photo?maxwidth=1600&photoreference=AciIO2fGG4qA1UGBSnX23E...",353,66,0.007,302
2025-10-18T23:21:13.510Z,details,"https://maps.googleapis.com/maps/api/place/details/json?place_id=ChIJRTiIhgQddkgRd2qqglOkPso&fields=...",7188,97,0.017,200
2025-10-18T23:21:43.571Z,photos,"https://maps.googleapis.com/maps/api/place/photo?maxwidth=1600&photoreference=AciIO2dcZPO5LjEaCnKwBr...",353,60,0.007,302
2025-10-18T23:22:13.655Z,details,"https://maps.googleapis.com/maps/api/place/details/json?place_id=ChIJF_kxdtYddkgR2ljex8ywClg&fields=...",7389,83,0.017,200
2025-10-18T23:22:43.714Z,photos,"https://maps.googleapis.com/maps/api/place/photo?maxwidth=1600&photoreference=AciIO2dIlHTJTN0QFhTCcu...",406,53,0.007,302
2025-10-18T23:23:13.807Z,details,"https://maps.googleapis.com/maps/api/place/details/json?place_id=ChIJp7YEq_cddkgRcd5_BJjz45Q&fields=...",7074,91,0.017,200
2025-10-18T23:23:43.892Z,photos,"https://maps.googleapis.com/maps/api/place/photo?maxwidth=1600&photoreference=AciIO2fyGVGmDXsnZ0HGqx...",353,84,0.007,302
2025-10-18T23:24:13.972Z,details,"https://maps.googleapis.com/maps/api/place/details/json?place_id=ChIJV3GoOj2p2EcRkkHXNO5wWF0&fields=...",6849,79,0.017,200
2025-10-18T23:24:44.021Z,photos,"https://maps.googleapis.com/maps/api/place/photo?maxwidth=1600&photoreference=AciIO2cE0xnWivEAiM8p0Z...",353,47,0.007,302
2025-10-18T23:25:14.135Z,details,"https://maps.googleapis.com/maps/api/place/details/json?place_id=ChIJBW3yzvscdkgRo7FHtKX5K9Q&fields=...",6631,113,0.017,200
2025-10-18T23:25:44.196Z,photos,"https://maps.googleapis.com/maps/api/place/photo?maxwidth=1600&photoreference=AciIO2flQtLS9fywoR6NDe...",407,58,0.007,302
2025-10-18T23:26:14.324Z,details,"https://maps.googleapis.com/maps/api/place/details/json?place_id=ChIJBzd0a5IcdkgRogT694cpGNI&fields=...",6879,127,0.017,200
2025-10-18T23:26:44.395Z,photos,"https://maps.googleapis.com/maps/api/place/photo?maxwidth=1600&photoreference=AciIO2f9tLPW77wK8_oq0g...",353,70,0.007,302
2025-10-18T23:27:14.509Z,details,"https://maps.googleapis.com/maps/api/place/details/json?place_id=ChIJ23z3LvEFdkgR3yMpPB54tsM&fields=...",7021,112,0.017,200
2025-10-18T23:27:44.573Z,photos,"https://maps.googleapis.com/maps/api/place/photo?maxwidth=1600&photoreference=AciIO2dtvVm9_tz2yf2RWu...",353,62,0.007,302
2025-10-18T23:28:14.664Z,details,"https://maps.googleapis.com/maps/api/place/details/json?place_id=ChIJ2QTon26n2EcRbz98v-UNYn8&fields=...",6798,87,0.017,200
2025-10-18T23:28:44.765Z,photos,"https://maps.googleapis.com/maps/api/place/photo?maxwidth=1600&photoreference=AciIO2fYMMTERBgtMcycFz...",353,97,0.007,302
2025-10-18T23:29:14.844Z,photos,"https://maps.googleapis.com/maps/api/place/photo?maxwidth=1600&photoreference=AciIO2eYwwmo-WvBh800Fx...",1555,75,0.007,400
2025-10-18T23:29:44.992Z,details,"https://maps.googleapis.com/maps/api/place/details/json?place_id=ChIJGeUkvcocdkgRWdKXQYLbLIY&fields=...",7090,147,0.017,200
2025-10-18T23:30:15.089Z,photos,"https://maps.googleapis.com/maps/api/place/photo?maxwidth=1600&photoreference=AciIO2dxIHCgDzu6gdAMlx...",353,95,0.007,302
2025-10-18T23:30:45.187Z,details,"https://maps.googleapis.com/maps/api/place/details/json?place_id=ChIJy2flpEen2EcRbep571Yc9CI&fields=...",7371,96,0.017,200
2025-10-18T23:31:15.243Z,photos,"https://maps.googleapis.com/maps/api/place/photo?maxwidth=1600&photoreference=AciIO2c0xY2Y8NWJ77PSMc...",406,55,0.007,302
2025-10-18T23:31:45.358Z,details,"https://maps.googleapis.com/maps/api/place/details/json?place_id=ChIJebpSGQCn2EcR0m3GtNbVZcY&fields=...",6951,114,0.017,200
2025-10-18T23:32:15.431Z,photos,"https://maps.googleapis.com/maps/api/place/photo?maxwidth=1600&photoreference=AciIO2djG9zSdrwA_cSSZt...",353,72,0.007,302
2025-10-18T23:32:45.678Z,details,"https://maps.googleapis.com/maps/api/place/details/json?place_id=ChIJ4_IP7Syn2EcR4NvP-efP54I&fields=...",7447,244,0.017,200
2025-10-18T23:33:15.740Z,photos,"https://maps.googleapis.com/maps/api/place/photo?maxwidth=1600&photoreference=AciIO2evYPIu6Yb_1aXaEB...",414,61,0.007,302
2025-10-18T23:33:45.911Z,details,"https://maps.googleapis.com/maps/api/place/details/json?place_id=ChIJOVlctp-n2EcRjwzT5is-Wp8&fields=...",6743,170,0.017,200
2025-10-18T23:34:15.967Z,photos,"https://maps.googleapis.com/maps/api/place/photo?maxwidth=1600&photoreference=AciIO2cAML6eoIq73Euk5r...",353,55,0.007,302
2025-10-18T23:34:46.053Z,details,"https://maps.googleapis.com/maps/api/place/details/json?place_id=ChIJx8lOdACn2EcRUvJQkvxi3ds&fields=...",7599,83,0.017,200
2025-10-18T23:35:16.159Z,photos,"https://maps.googleapis.com/maps/api/place/photo?maxwidth=1600&photoreference=AciIO2cjK-XoY8phQgoPCc...",414,105,0.007,302
2025-10-18T23:35:46.246Z,details,"https://maps.googleapis.com/maps/api/place/details/json?place_id=ChIJH1n6ttOn2EcRwplqIIK4pec&fields=...",6944,85,0.017,200
2025-10-18T23:36:16.347Z,photos,"https://maps.googleapis.com/maps/api/place/photo?maxwidth=1600&photoreference=AciIO2e8cxFn20HHXnKaGF...",352,98,0.007,302
2025-10-18T23:36:46.440Z,details,"https://maps.googleapis.com/maps/api/place/details/json?place_id=ChIJbRa7LM2n2EcR__b_CaG7g_o&fields=...",7517,90,0.017,200
2025-10-18T23:37:16.491Z,photos,"https://maps.googleapis.com/maps/api/place/photo?maxwidth=1600&photoreference=AciIO2fr22y1msjA5G5hPv...",406,50,0.007,302
2025-10-18T23:37:46.588Z,details,"https://maps.googleapis.com/maps/api/place/details/json?place_id=ChIJrfARSeqm2EcRk0lWifvn5yc&fields=...",7279,95,0.017,200
2025-10-18T23:38:16.652Z,photos,"https://maps.googleapis.com/maps/api/place/photo?maxwidth=1600&photoreference=AciIO2clOy_n5CT-Qf2S1W...",353,64,0.007,302
2025-10-18T23:38:46.769Z,details,"https://maps.googleapis.com/maps/api/place/details/json?place_id=ChIJpQKUqsin2EcRYCZOnmvPApw&fields=...",7457,115,0.017,200
2025-10-18T23:39:16.816Z,photos,"https://maps.googleapis.com/maps/api/place/photo?maxwidth=1600&photoreference=AciIO2f1smz62wMnShgJjs...",353,46,0.007,302
2025-10-18T23:39:46.911Z,details,"https://maps.googleapis.com/maps/api/place/details/json?place_id=ChIJOaKrU_6n2EcRJKQmGwfNE7w&fields=...",7295,93,0.017,200
2025-10-18T23:40:16.982Z,photos,"https://maps.googleapis.com/maps/api/place/photo?maxwidth=1600&photoreference=AciIO2dqvQp15HT4IEwDV7...",353,69,0.007,302
2025-10-18T23:40:47.077Z,details,"https://maps.googleapis.com/maps/api/place/details/json?place_id=ChIJex7EHJW72EcR2rO5v_DPqz0&fields=...",7190,92,0.017,200
2025-10-18T23:41:17.168Z,photos,"https://maps.googleapis.com/maps/api/place/photo?maxwidth=1600&photoreference=AciIO2fBK5end0qduwl73D...",353,90,0.007,302
2025-10-18T23:41:47.251Z,details,"https://maps.googleapis.com/maps/api/place/details/json?place_id=ChIJcxaCi-6j2EcREhbf91J-XQc&fields=...",6754,79,0.017,200
2025-10-18T23:42:17.310Z,photos,"https://maps.googleapis.com/maps/api/place/photo?maxwidth=1600&photoreference=AciIO2eFVXp0Qpp7eZ1TEa...",353,59,0.007,302
2025-10-18T23:42:47.413Z,details,"https://maps.googleapis.com/maps/api/place/details/json?place_id=ChIJX6jdoGC72EcR65hDdfAxuX4&fields=...",7491,101,0.017,200
2025-10-18T23:43:17.469Z,photos,"https://maps.googleapis.com/maps/api/place/photo?maxwidth=1600&photoreference=AciIO2fonXOo9pSYBjgqIT...",406,52,0.007,302
2025-10-18T23:43:47.622Z,details,"https://maps.googleapis.com/maps/api/place/details/json?place_id=ChIJJ-d64-yl2EcRMLX0UMSagt4&fields=...",7366,152,0.017,200
2025-10-18T23:44:17.736Z,photos,"https://maps.googleapis.com/maps/api/place/photo?maxwidth=1600&photoreference=AciIO2cIQ4PmBFnT1mxmE9...",353,112,0.007,302
2025-10-18T23:44:47.843Z,details,"https://maps.googleapis.com/maps/api/place/details/json?place_id=ChIJpYj6lWMddkgRf88o9kIymhI&fields=...",6919,104,0.017,200
2025-10-18T23:45:17.933Z,photos,"https://maps.googleapis.com/maps/api/place/photo?maxwidth=1600&photoreference=AciIO2dRidCXbXdDdJzFb6...",353,88,0.007,302
2025-10-18T23:45:48.037Z,details,"https://maps.googleapis.com/maps/api/place/details/json?place_id=ChIJqxvA4l4ddkgRsL4qpeJ69Ok&fields=...",7124,102,0.017,200
2025-10-18T23:46:18.094Z,photos,"https://maps.googleapis.com/maps/api/place/photo?maxwidth=1600&photoreference=AciIO2eBQX6Ex4DYjPzFiW...",407,55,0.007,302
2025-10-18T23:46:48.186Z,details,"https://maps.googleapis.com/maps/api/place/details/json?place_id=ChIJX8kezxIddkgRn-xJF___OGk&fields=...",7196,89,0.017,200
2025-10-18T23:47:18.258Z,photos,"https://maps.googleapis.com/maps/api/place/photo?maxwidth=1600&photoreference=AciIO2e6DVFkn--rhDwsNa...",353,70,0.007,302
2025-10-18T23:47:48.376Z,details,"https://maps.googleapis.com/maps/api/place/details/json?place_id=ChIJ5dj6VNEcdkgRGmk6znY8yug&fields=...",6883,117,0.017,200
2025-10-18T23:48:18.453Z,photos,"https://maps.googleapis.com/maps/api/place/photo?maxwidth=1600&photoreference=AciIO2eRBojl8ZhNcNmKf1...",353,76,0.007,302
2025-10-18T23:48:48.704Z,details,"https://maps.googleapis.com/maps/api/place/details/json?place_id=ChIJo-nayTEddkgR9jOw7rCkCes&fields=...",6812,249,0.017,200
2025-10-18T23:49:18.756Z,photos,"https://maps.googleapis.com/maps/api/place/photo?maxwidth=1600&photoreference=AciIO2f_yIsCFb4OaBdkUa...",353,49,0.007,302
2025-10-18T23:49:49.036Z,details,"https://maps.googleapis.com/maps/api/place/details/json?place_id=ChIJ2YRQTtQddkgRUEibcv0P7JQ&fields=...",6909,277,0.017,200
2025-10-18T23:50:19.093Z,photos,"https://maps.googleapis.com/maps/api/place/photo?maxwidth=1600&photoreference=AciIO2f9Tn-kTYelwEiaBI...",407,56,0.007,302
2025-10-18T23:50:49.190Z,details,"https://maps.googleapis.com/maps/api/place/details/json?place_id=ChIJFT1im3-l2EcRu-pYYJJ7uZE&fields=...",6874,96,0.017,200
2025-10-18T23:51:19.251Z,photos,"https://maps.googleapis.com/maps/api/place/photo?maxwidth=1600&photoreference=AciIO2dYAo2jwxKKxuO_CX...",353,57,0.007,302